Number,Filename,label
1,Train_1.jpg,Hand
2,Train_2.jpg,Hand
3,Train_3.jpg,Hand
4,Train_4.jpg,Hand
5,Train_5.jpg,Hand
6,Train_6.jpg,Hand
7,Train_7.jpg,Hand
8,Train_8.jpg,Hand
9,Train_9.jpg,Hand
10,Train_10.jpg,Hand
11,Train_11.jpg,Hand
12,Train_12.jpg,Hand
13,Train_13.jpg,Hand
14,Train_14.jpg,Hand
15,Train_15.jpg,Hand
16,Train_16.jpg,Hand
17,Train_17.jpg,Hand
18,Train_18.jpg,Hand
19,Train_19.jpg,Hand
20,Train_20.jpg,Hand
21,Train_21.jpg,Hand
22,Train_22.jpg,Hand
23,Train_23.jpg,Hand
24,Train_24.jpg,Hand
25,Train_25.jpg,Hand
26,Train_26.jpg,Hand
27,Train_27.jpg,Hand
28,Train_28.jpg,Hand
29,Train_29.jpg,Hand
30,Train_30.jpg,Hand
31,Train_31.jpg,Hand
32,Train_32.jpg,Hand
33,Train_33.jpg,Hand
34,Train_34.jpg,Hand
35,Train_35.jpg,Hand
36,Train_36.jpg,Hand
37,Train_37.jpg,Hand
38,Train_38.jpg,Hand
39,Train_39.jpg,Hand
40,Train_40.jpg,Hand
41,Train_41.jpg,Hand
42,Train_42.jpg,Hand
43,Train_43.jpg,Hand
44,Train_44.jpg,Hand
45,Train_45.jpg,Hand
46,Train_46.jpg,Hand
47,Train_47.jpg,Hand
48,Train_48.jpg,Hand
49,Train_49.jpg,Hand
50,Train_50.jpg,Hand
51,Train_51.jpg,Hand
52,Train_52.jpg,Hand
53,Train_53.jpg,Hand
54,Train_54.jpg,Hand
55,Train_55.jpg,Hand
56,Train_56.jpg,Hand
57,Train_57.jpg,Hand
58,Train_58.jpg,Hand
59,Train_59.jpg,Hand
60,Train_60.jpg,Hand
61,Train_61.jpg,Hand
62,Train_62.jpg,Hand
63,Train_63.jpg,Hand
64,Train_64.jpg,Hand
65,Train_65.jpg,Hand
66,Train_66.jpg,Hand
67,Train_67.jpg,Hand
68,Train_68.jpg,Hand
69,Train_69.jpg,Hand
70,Train_70.jpg,Hand
71,Train_71.jpg,Hand
72,Train_72.jpg,Hand
73,Train_73.jpg,Hand
74,Train_74.jpg,Hand
75,Train_75.jpg,Hand
76,Train_76.jpg,Hand
77,Train_77.jpg,Hand
78,Train_78.jpg,Hand
79,Train_79.jpg,Hand
80,Train_80.jpg,Hand
81,Train_81.jpg,Hand
82,Train_82.jpg,Hand
83,Train_83.jpg,Hand
84,Train_84.jpg,Hand
85,Train_85.jpg,Hand
86,Train_86.jpg,Hand
87,Train_87.jpg,Hand
88,Train_88.jpg,Hand
89,Train_89.jpg,Hand
90,Train_90.jpg,Hand
91,Train_91.jpg,Hand
92,Train_92.jpg,Hand
93,Train_93.jpg,Hand
94,Train_94.jpg,Hand
95,Train_95.jpg,Hand
96,Train_96.jpg,Hand
97,Train_97.jpg,Hand
98,Train_98.jpg,Hand
99,Train_99.jpg,Hand
100,Train_100.jpg,Hand
101,Train_101.jpg,Hand
102,Train_102.jpg,Hand
103,Train_103.jpg,Hand
104,Train_104.jpg,Hand
105,Train_105.jpg,Hand
106,Train_106.jpg,Hand
107,Train_107.jpg,Hand
108,Train_108.jpg,Hand
109,Train_109.jpg,Hand
110,Train_110.jpg,Hand
111,Train_111.jpg,Hand
112,Train_112.jpg,Hand
113,Train_113.jpg,Hand
114,Train_114.jpg,Hand
115,Train_115.jpg,Hand
116,Train_116.jpg,Hand
117,Train_117.jpg,Hand
118,Train_118.jpg,Hand
119,Train_119.jpg,Hand
120,Train_120.jpg,Hand
121,Train_121.jpg,Hand
122,Train_122.jpg,Hand
123,Train_123.jpg,Hand
124,Train_124.jpg,Hand
125,Train_125.jpg,Hand
126,Train_126.jpg,Hand
127,Train_127.jpg,Hand
128,Train_128.jpg,Hand
129,Train_129.jpg,Hand
130,Train_130.jpg,Hand
131,Train_131.jpg,Hand
132,Train_132.jpg,Hand
133,Train_133.jpg,Hand
134,Train_134.jpg,Hand
135,Train_135.jpg,Hand
136,Train_136.jpg,Hand
137,Train_137.jpg,Hand
138,Train_138.jpg,Hand
139,Train_139.jpg,Hand
140,Train_140.jpg,Hand
141,Train_141.jpg,Hand
142,Train_142.jpg,Hand
143,Train_143.jpg,Hand
144,Train_144.jpg,Hand
145,Train_145.jpg,Hand
146,Train_146.jpg,Hand
147,Train_147.jpg,Hand
148,Train_148.jpg,Hand
149,Train_149.jpg,Hand
150,Train_150.jpg,Hand
151,Train_151.jpg,Hand
152,Train_152.jpg,Hand
153,Train_153.jpg,Hand
154,Train_154.jpg,Hand
155,Train_155.jpg,Hand
156,Train_156.jpg,Hand
157,Train_157.jpg,Hand
158,Train_158.jpg,Hand
159,Train_159.jpg,Hand
160,Train_160.jpg,Hand
161,Train_161.jpg,Hand
162,Train_162.jpg,Hand
163,Train_163.jpg,Hand
164,Train_164.jpg,Hand
165,Train_165.jpg,Hand
166,Train_166.jpg,Hand
167,Train_167.jpg,Hand
168,Train_168.jpg,Hand
169,Train_169.jpg,Hand
170,Train_170.jpg,Hand
171,Train_171.jpg,Hand
172,Train_172.jpg,Hand
173,Train_173.jpg,Hand
174,Train_174.jpg,Hand
175,Train_175.jpg,Hand
176,Train_176.jpg,Hand
177,Train_177.jpg,Hand
178,Train_178.jpg,Hand
179,Train_179.jpg,Hand
180,Train_180.jpg,Hand
181,Train_181.jpg,Hand
182,Train_182.jpg,Hand
183,Train_183.jpg,Hand
184,Train_184.jpg,Hand
185,Train_185.jpg,Hand
186,Train_186.jpg,Hand
187,Train_187.jpg,Hand
188,Train_188.jpg,Hand
189,Train_189.jpg,Hand
190,Train_190.jpg,Hand
191,Train_191.jpg,Hand
192,Train_192.jpg,Hand
193,Train_193.jpg,Hand
194,Train_194.jpg,Hand
195,Train_195.jpg,Hand
196,Train_196.jpg,Hand
197,Train_197.jpg,Hand
198,Train_198.jpg,Hand
199,Train_199.jpg,Hand
200,Train_200.jpg,Hand
201,Train_201.jpg,Hand
202,Train_202.jpg,Hand
203,Train_203.jpg,Hand
204,Train_204.jpg,Hand
205,Train_205.jpg,Hand
206,Train_206.jpg,Hand
207,Train_207.jpg,Hand
208,Train_208.jpg,Hand
209,Train_209.jpg,Hand
210,Train_210.jpg,Hand
211,Train_211.jpg,Hand
212,Train_212.jpg,Hand
213,Train_213.jpg,Hand
214,Train_214.jpg,Hand
215,Train_215.jpg,Hand
216,Train_216.jpg,Hand
217,Train_217.jpg,Hand
218,Train_218.jpg,Hand
219,Train_219.jpg,Hand
220,Train_220.jpg,Hand
221,Train_221.jpg,Hand
222,Train_222.jpg,Hand
223,Train_223.jpg,Hand
224,Train_224.jpg,Hand
225,Train_225.jpg,Hand
226,Train_226.jpg,Hand
227,Train_227.jpg,Hand
228,Train_228.jpg,Hand
229,Train_229.jpg,Hand
230,Train_230.jpg,Hand
231,Train_231.jpg,Hand
232,Train_232.jpg,Hand
233,Train_233.jpg,Hand
234,Train_234.jpg,Hand
235,Train_235.jpg,Hand
236,Train_236.jpg,Hand
237,Train_237.jpg,Hand
238,Train_238.jpg,Hand
239,Train_239.jpg,Hand
240,Train_240.jpg,Hand
241,Train_241.jpg,Hand
242,Train_242.jpg,Hand
243,Train_243.jpg,Hand
244,Train_244.jpg,Hand
245,Train_245.jpg,Hand
246,Train_246.jpg,Hand
247,Train_247.jpg,Hand
248,Train_248.jpg,Hand
249,Train_249.jpg,Hand
250,Train_250.jpg,Hand
251,Train_251.jpg,Hand
252,Train_252.jpg,Hand
253,Train_253.jpg,Hand
254,Train_254.jpg,Hand
255,Train_255.jpg,Hand
256,Train_256.jpg,Hand
257,Train_257.jpg,Hand
258,Train_258.jpg,Hand
259,Train_259.jpg,Hand
260,Train_260.jpg,Hand
261,Train_261.jpg,Hand
262,Train_262.jpg,Hand
263,Train_263.jpg,Hand
264,Train_264.jpg,Hand
265,Train_265.jpg,Hand
266,Train_266.jpg,Hand
267,Train_267.jpg,Hand
268,Train_268.jpg,Hand
269,Train_269.jpg,Hand
270,Train_270.jpg,Hand
271,Train_271.jpg,Hand
272,Train_272.jpg,Hand
273,Train_273.jpg,Hand
274,Train_274.jpg,Hand
275,Train_275.jpg,Hand
276,Train_276.jpg,Hand
277,Train_277.jpg,Hand
278,Train_278.jpg,Hand
279,Train_279.jpg,Hand
280,Train_280.jpg,Hand
281,Train_281.jpg,Hand
282,Train_282.jpg,Hand
283,Train_283.jpg,Hand
284,Train_284.jpg,Hand
285,Train_285.jpg,Hand
286,Train_286.jpg,Hand
287,Train_287.jpg,Hand
288,Train_288.jpg,Hand
289,Train_289.jpg,Hand
290,Train_290.jpg,Hand
291,Train_291.jpg,Hand
292,Train_292.jpg,Hand
293,Train_293.jpg,Hand
294,Train_294.jpg,Hand
295,Train_295.jpg,Hand
296,Train_296.jpg,Hand
297,Train_297.jpg,Hand
298,Train_298.jpg,Hand
299,Train_299.jpg,Hand
300,Train_300.jpg,Hand
301,Train_301.jpg,Hand
302,Train_302.jpg,Hand
303,Train_303.jpg,Hand
304,Train_304.jpg,Hand
305,Train_305.jpg,Hand
306,Train_306.jpg,Hand
307,Train_307.jpg,Hand
308,Train_308.jpg,Hand
309,Train_309.jpg,Hand
310,Train_310.jpg,Hand
311,Train_311.jpg,Hand
312,Train_312.jpg,Hand
313,Train_313.jpg,Hand
314,Train_314.jpg,Hand
315,Train_315.jpg,Hand
316,Train_316.jpg,Hand
317,Train_317.jpg,Hand
318,Train_318.jpg,Hand
319,Train_319.jpg,Hand
320,Train_320.jpg,Hand
321,Train_321.jpg,Hand
322,Train_322.jpg,Hand
323,Train_323.jpg,Hand
324,Train_324.jpg,Hand
325,Train_325.jpg,Hand
326,Train_326.jpg,Hand
327,Train_327.jpg,Hand
328,Train_328.jpg,Hand
329,Train_329.jpg,Hand
330,Train_330.jpg,Hand
331,Train_331.jpg,Hand
332,Train_332.jpg,Hand
333,Train_333.jpg,Hand
334,Train_334.jpg,Hand
335,Train_335.jpg,Hand
336,Train_336.jpg,Hand
337,Train_337.jpg,Hand
338,Train_338.jpg,Hand
339,Train_339.jpg,Hand
340,Train_340.jpg,Hand
341,Train_341.jpg,Hand
342,Train_342.jpg,Hand
343,Train_343.jpg,Hand
344,Train_344.jpg,Hand
345,Train_345.jpg,Hand
346,Train_346.jpg,Hand
347,Train_347.jpg,Hand
348,Train_348.jpg,Hand
349,Train_349.jpg,Hand
350,Train_350.jpg,Hand
351,Train_351.jpg,Hand
352,Train_352.jpg,Hand
353,Train_353.jpg,Hand
354,Train_354.jpg,Hand
355,Train_355.jpg,Hand
356,Train_356.jpg,Hand
357,Train_357.jpg,Hand
358,Train_358.jpg,Hand
359,Train_359.jpg,Hand
360,Train_360.jpg,Hand
361,Train_361.jpg,Hand
362,Train_362.jpg,Hand
363,Train_363.jpg,Hand
364,Train_364.jpg,Hand
365,Train_365.jpg,Hand
366,Train_366.jpg,Hand
367,Train_367.jpg,Hand
368,Train_368.jpg,Hand
369,Train_369.jpg,Hand
370,Train_370.jpg,Hand
371,Train_371.jpg,Hand
372,Train_372.jpg,Hand
373,Train_373.jpg,Hand
374,Train_374.jpg,Hand
375,Train_375.jpg,Hand
376,Train_376.jpg,Hand
377,Train_377.jpg,Hand
378,Train_378.jpg,Hand
379,Train_379.jpg,Hand
380,Train_380.jpg,Hand
381,Train_381.jpg,Hand
382,Train_382.jpg,Hand
383,Train_383.jpg,Hand
384,Train_384.jpg,Hand
385,Train_385.jpg,Hand
386,Train_386.jpg,Hand
387,Train_387.jpg,Hand
388,Train_388.jpg,Hand
389,Train_389.jpg,Hand
390,Train_390.jpg,Hand
391,Train_391.jpg,Hand
392,Train_392.jpg,Hand
393,Train_393.jpg,Hand
394,Train_394.jpg,Hand
395,Train_395.jpg,Hand
396,Train_396.jpg,Hand
397,Train_397.jpg,Hand
398,Train_398.jpg,Hand
399,Train_399.jpg,Hand
400,Train_400.jpg,Hand
401,Train_401.jpg,Hand
402,Train_402.jpg,Hand
403,Train_403.jpg,Hand
404,Train_404.jpg,Hand
405,Train_405.jpg,Hand
406,Train_406.jpg,Hand
407,Train_407.jpg,Hand
408,Train_408.jpg,Hand
409,Train_409.jpg,Hand
410,Train_410.jpg,Hand
411,Train_411.jpg,Hand
412,Train_412.jpg,Hand
413,Train_413.jpg,Hand
414,Train_414.jpg,Hand
415,Train_415.jpg,Hand
416,Train_416.jpg,Hand
417,Train_417.jpg,Hand
418,Train_418.jpg,Hand
419,Train_419.jpg,Hand
420,Train_420.jpg,Hand
421,Train_421.jpg,Hand
422,Train_422.jpg,Hand
423,Train_423.jpg,Hand
424,Train_424.jpg,Hand
425,Train_425.jpg,Hand
426,Train_426.jpg,Hand
427,Train_427.jpg,Hand
428,Train_428.jpg,Hand
429,Train_429.jpg,Hand
430,Train_430.jpg,Hand
431,Train_431.jpg,Hand
432,Train_432.jpg,Hand
433,Train_433.jpg,Hand
434,Train_434.jpg,Hand
435,Train_435.jpg,Hand
436,Train_436.jpg,Hand
437,Train_437.jpg,Hand
438,Train_438.jpg,Hand
439,Train_439.jpg,Hand
440,Train_440.jpg,Hand
441,Train_441.jpg,Hand
442,Train_442.jpg,Hand
443,Train_443.jpg,Hand
444,Train_444.jpg,Hand
445,Train_445.jpg,Hand
446,Train_446.jpg,Hand
447,Train_447.jpg,Hand
448,Train_448.jpg,Hand
449,Train_449.jpg,Hand
450,Train_450.jpg,Hand
451,Train_451.jpg,Hand
452,Train_452.jpg,Hand
453,Train_453.jpg,Hand
454,Train_454.jpg,Hand
455,Train_455.jpg,Hand
456,Train_456.jpg,Hand
457,Train_457.jpg,Hand
458,Train_458.jpg,Hand
459,Train_459.jpg,Hand
460,Train_460.jpg,Hand
461,Train_461.jpg,Hand
462,Train_462.jpg,Hand
463,Train_463.jpg,Hand
464,Train_464.jpg,Hand
465,Train_465.jpg,Hand
466,Train_466.jpg,Hand
467,Train_467.jpg,Hand
468,Train_468.jpg,Hand
469,Train_469.jpg,Hand
470,Train_470.jpg,Hand
471,Train_471.jpg,Hand
472,Train_472.jpg,Hand
473,Train_473.jpg,Hand
474,Train_474.jpg,Hand
475,Train_475.jpg,Hand
476,Train_476.jpg,Hand
477,Train_477.jpg,Hand
478,Train_478.jpg,Hand
479,Train_479.jpg,Hand
480,Train_480.jpg,Hand
481,Train_481.jpg,Hand
482,Train_482.jpg,Hand
483,Train_483.jpg,Hand
484,Train_484.jpg,Hand
485,Train_485.jpg,Hand
486,Train_486.jpg,Hand
487,Train_487.jpg,Hand
488,Train_488.jpg,Hand
489,Train_489.jpg,Hand
490,Train_490.jpg,Hand
491,Train_491.jpg,Hand
492,Train_492.jpg,Hand
493,Train_493.jpg,Hand
494,Train_494.jpg,Hand
495,Train_495.jpg,Hand
496,Train_496.jpg,Hand
497,Train_497.jpg,Hand
498,Train_498.jpg,Hand
499,Train_499.jpg,Hand
500,Train_500.jpg,Hand
501,Train_501.jpg,Hand
502,Train_502.jpg,Hand
503,Train_503.jpg,Hand
504,Train_504.jpg,Hand
505,Train_505.jpg,Hand
506,Train_506.jpg,Hand
507,Train_507.jpg,Hand
508,Train_508.jpg,Hand
509,Train_509.jpg,Hand
510,Train_510.jpg,Hand
511,Train_511.jpg,Hand
512,Train_512.jpg,Hand
513,Train_513.jpg,Hand
514,Train_514.jpg,Hand
515,Train_515.jpg,Hand
516,Train_516.jpg,Hand
517,Train_517.jpg,Hand
518,Train_518.jpg,Hand
519,Train_519.jpg,Hand
520,Train_520.jpg,Hand
521,Train_521.jpg,Hand
522,Train_522.jpg,Hand
523,Train_523.jpg,Hand
524,Train_524.jpg,Hand
525,Train_525.jpg,Hand
526,Train_526.jpg,Hand
527,Train_527.jpg,Hand
528,Train_528.jpg,Hand
529,Train_529.jpg,Hand
530,Train_530.jpg,Hand
531,Train_531.jpg,Hand
532,Train_532.jpg,Hand
533,Train_533.jpg,Hand
534,Train_534.jpg,Hand
535,Train_535.jpg,Hand
536,Train_536.jpg,Hand
537,Train_537.jpg,Hand
538,Train_538.jpg,Hand
539,Train_539.jpg,Hand
540,Train_540.jpg,Hand
541,Train_541.jpg,Hand
542,Train_542.jpg,Hand
543,Train_543.jpg,Hand
544,Train_544.jpg,Hand
545,Train_545.jpg,Hand
546,Train_546.jpg,Hand
547,Train_547.jpg,Hand
548,Train_548.jpg,Hand
549,Train_549.jpg,Hand
550,Train_550.jpg,Hand
551,Train_551.jpg,Hand
552,Train_552.jpg,Hand
553,Train_553.jpg,Hand
554,Train_554.jpg,Hand
555,Train_555.jpg,Hand
556,Train_556.jpg,Hand
557,Train_557.jpg,Hand
558,Train_558.jpg,Hand
559,Train_559.jpg,Hand
560,Train_560.jpg,Hand
561,Train_561.jpg,Hand
562,Train_562.jpg,Hand
563,Train_563.jpg,Hand
564,Train_564.jpg,Hand
565,Train_565.jpg,Hand
566,Train_566.jpg,Hand
567,Train_567.jpg,Hand
568,Train_568.jpg,Hand
569,Train_569.jpg,Hand
570,Train_570.jpg,Hand
571,Train_571.jpg,Hand
572,Train_572.jpg,Hand
573,Train_573.jpg,Hand
574,Train_574.jpg,Hand
575,Train_575.jpg,Hand
576,Train_576.jpg,Hand
577,Train_577.jpg,Hand
578,Train_578.jpg,Hand
579,Train_579.jpg,Hand
580,Train_580.jpg,Hand
581,Train_581.jpg,Hand
582,Train_582.jpg,Hand
583,Train_583.jpg,Hand
584,Train_584.jpg,Hand
585,Train_585.jpg,Hand
586,Train_586.jpg,Hand
587,Train_587.jpg,Hand
588,Train_588.jpg,Hand
589,Train_589.jpg,Hand
590,Train_590.jpg,Hand
591,Train_591.jpg,Hand
592,Train_592.jpg,Hand
593,Train_593.jpg,Hand
594,Train_594.jpg,Hand
595,Train_595.jpg,Hand
596,Train_596.jpg,Hand
597,Train_597.jpg,Hand
598,Train_598.jpg,Hand
599,Train_599.jpg,Hand
600,Train_600.jpg,Hand
601,Train_601.jpg,Hand
602,Train_602.jpg,Hand
603,Train_603.jpg,Hand
604,Train_604.jpg,Hand
605,Train_605.jpg,Hand
606,Train_606.jpg,Hand
607,Train_607.jpg,Hand
608,Train_608.jpg,Hand
609,Train_609.jpg,Hand
610,Train_610.jpg,Hand
611,Train_611.jpg,Hand
612,Train_612.jpg,Hand
613,Train_613.jpg,Hand
614,Train_614.jpg,Hand
615,Train_615.jpg,Hand
616,Train_616.jpg,Hand
617,Train_617.jpg,Hand
618,Train_618.jpg,Hand
619,Train_619.jpg,Hand
620,Train_620.jpg,Hand
621,Train_621.jpg,Hand
622,Train_622.jpg,Hand
623,Train_623.jpg,Hand
624,Train_624.jpg,Hand
625,Train_625.jpg,Hand
626,Train_626.jpg,Hand
627,Train_627.jpg,Hand
628,Train_628.jpg,Hand
629,Train_629.jpg,Hand
630,Train_630.jpg,Hand
631,Train_631.jpg,Hand
632,Train_632.jpg,Hand
633,Train_633.jpg,Hand
634,Train_634.jpg,Hand
635,Train_635.jpg,Hand
636,Train_636.jpg,Hand
637,Train_637.jpg,Hand
638,Train_638.jpg,Hand
639,Train_639.jpg,Hand
640,Train_640.jpg,Hand
641,Train_641.jpg,Hand
642,Train_642.jpg,Hand
643,Train_643.jpg,Hand
644,Train_644.jpg,Hand
645,Train_645.jpg,Hand
646,Train_646.jpg,Hand
647,Train_647.jpg,Hand
648,Train_648.jpg,Hand
649,Train_649.jpg,Hand
650,Train_650.jpg,Hand
651,Train_651.jpg,No_Hand
652,Train_652.jpg,No_Hand
653,Train_653.jpg,No_Hand
654,Train_654.jpg,No_Hand
655,Train_655.jpg,No_Hand
656,Train_656.jpg,No_Hand
657,Train_657.jpg,No_Hand
658,Train_658.jpg,No_Hand
659,Train_659.jpg,No_Hand
660,Train_660.jpg,No_Hand
661,Train_661.jpg,No_Hand
662,Train_662.jpg,No_Hand
663,Train_663.jpg,No_Hand
664,Train_664.jpg,No_Hand
665,Train_665.jpg,No_Hand
666,Train_666.jpg,No_Hand
667,Train_667.jpg,No_Hand
668,Train_668.jpg,No_Hand
669,Train_669.jpg,No_Hand
670,Train_670.jpg,No_Hand
671,Train_671.jpg,No_Hand
672,Train_672.jpg,No_Hand
673,Train_673.jpg,No_Hand
674,Train_674.jpg,No_Hand
675,Train_675.jpg,No_Hand
676,Train_676.jpg,No_Hand
677,Train_677.jpg,No_Hand
678,Train_678.jpg,No_Hand
679,Train_679.jpg,No_Hand
680,Train_680.jpg,No_Hand
681,Train_681.jpg,No_Hand
682,Train_682.jpg,No_Hand
683,Train_683.jpg,No_Hand
684,Train_684.jpg,No_Hand
685,Train_685.jpg,No_Hand
686,Train_686.jpg,No_Hand
687,Train_687.jpg,No_Hand
688,Train_688.jpg,No_Hand
689,Train_689.jpg,No_Hand
690,Train_690.jpg,No_Hand
691,Train_691.jpg,No_Hand
692,Train_692.jpg,No_Hand
693,Train_693.jpg,No_Hand
694,Train_694.jpg,No_Hand
695,Train_695.jpg,No_Hand
696,Train_696.jpg,No_Hand
697,Train_697.jpg,No_Hand
698,Train_698.jpg,No_Hand
699,Train_699.jpg,No_Hand
700,Train_700.jpg,No_Hand
701,Train_701.jpg,No_Hand
702,Train_702.jpg,No_Hand
703,Train_703.jpg,No_Hand
704,Train_704.jpg,No_Hand
705,Train_705.jpg,No_Hand
706,Train_706.jpg,No_Hand
707,Train_707.jpg,No_Hand
708,Train_708.jpg,No_Hand
709,Train_709.jpg,No_Hand
710,Train_710.jpg,No_Hand
711,Train_711.jpg,No_Hand
712,Train_712.jpg,No_Hand
713,Train_713.jpg,No_Hand
714,Train_714.jpg,No_Hand
715,Train_715.jpg,No_Hand
716,Train_716.jpg,No_Hand
717,Train_717.jpg,No_Hand
718,Train_718.jpg,No_Hand
719,Train_719.jpg,No_Hand
720,Train_720.jpg,No_Hand
721,Train_721.jpg,No_Hand
722,Train_722.jpg,No_Hand
723,Train_723.jpg,No_Hand
724,Train_724.jpg,No_Hand
725,Train_725.jpg,No_Hand
726,Train_726.jpg,No_Hand
727,Train_727.jpg,No_Hand
728,Train_728.jpg,No_Hand
729,Train_729.jpg,No_Hand
730,Train_730.jpg,No_Hand
731,Train_731.jpg,No_Hand
732,Train_732.jpg,No_Hand
733,Train_733.jpg,No_Hand
734,Train_734.jpg,No_Hand
735,Train_735.jpg,No_Hand
736,Train_736.jpg,No_Hand
737,Train_737.jpg,No_Hand
738,Train_738.jpg,No_Hand
739,Train_739.jpg,No_Hand
740,Train_740.jpg,No_Hand
741,Train_741.jpg,No_Hand
742,Train_742.jpg,No_Hand
743,Train_743.jpg,No_Hand
744,Train_744.jpg,No_Hand
745,Train_745.jpg,No_Hand
746,Train_746.jpg,No_Hand
747,Train_747.jpg,No_Hand
748,Train_748.jpg,No_Hand
749,Train_749.jpg,No_Hand
750,Train_750.jpg,No_Hand
751,Train_751.jpg,No_Hand
752,Train_752.jpg,No_Hand
753,Train_753.jpg,No_Hand
754,Train_754.jpg,No_Hand
755,Train_755.jpg,No_Hand
756,Train_756.jpg,No_Hand
757,Train_757.jpg,No_Hand
758,Train_758.jpg,No_Hand
759,Train_759.jpg,No_Hand
760,Train_760.jpg,No_Hand
761,Train_761.jpg,No_Hand
762,Train_762.jpg,No_Hand
763,Train_763.jpg,No_Hand
764,Train_764.jpg,No_Hand
765,Train_765.jpg,No_Hand
766,Train_766.jpg,No_Hand
767,Train_767.jpg,No_Hand
768,Train_768.jpg,No_Hand
769,Train_769.jpg,No_Hand
770,Train_770.jpg,No_Hand
771,Train_771.jpg,No_Hand
772,Train_772.jpg,No_Hand
773,Train_773.jpg,No_Hand
774,Train_774.jpg,No_Hand
775,Train_775.jpg,No_Hand
776,Train_776.jpg,No_Hand
777,Train_777.jpg,No_Hand
778,Train_778.jpg,No_Hand
779,Train_779.jpg,No_Hand
780,Train_780.jpg,No_Hand
781,Train_781.jpg,No_Hand
782,Train_782.jpg,No_Hand
783,Train_783.jpg,No_Hand
784,Train_784.jpg,No_Hand
785,Train_785.jpg,No_Hand
786,Train_786.jpg,No_Hand
787,Train_787.jpg,No_Hand
788,Train_788.jpg,No_Hand
789,Train_789.jpg,No_Hand
790,Train_790.jpg,No_Hand
791,Train_791.jpg,No_Hand
792,Train_792.jpg,No_Hand
793,Train_793.jpg,No_Hand
794,Train_794.jpg,No_Hand
795,Train_795.jpg,No_Hand
796,Train_796.jpg,No_Hand
797,Train_797.jpg,No_Hand
798,Train_798.jpg,No_Hand
799,Train_799.jpg,No_Hand
800,Train_800.jpg,No_Hand
801,Train_801.jpg,No_Hand
802,Train_802.jpg,No_Hand
803,Train_803.jpg,No_Hand
804,Train_804.jpg,No_Hand
805,Train_805.jpg,No_Hand
806,Train_806.jpg,No_Hand
807,Train_807.jpg,No_Hand
808,Train_808.jpg,No_Hand
809,Train_809.jpg,No_Hand
810,Train_810.jpg,No_Hand
811,Train_811.jpg,No_Hand
812,Train_812.jpg,No_Hand
813,Train_813.jpg,No_Hand
814,Train_814.jpg,No_Hand
815,Train_815.jpg,No_Hand
816,Train_816.jpg,No_Hand
817,Train_817.jpg,No_Hand
818,Train_818.jpg,No_Hand
819,Train_819.jpg,No_Hand
820,Train_820.jpg,No_Hand
821,Train_821.jpg,No_Hand
822,Train_822.jpg,No_Hand
823,Train_823.jpg,No_Hand
824,Train_824.jpg,No_Hand
825,Train_825.jpg,No_Hand
826,Train_826.jpg,No_Hand
827,Train_827.jpg,No_Hand
828,Train_828.jpg,No_Hand
829,Train_829.jpg,No_Hand
830,Train_830.jpg,No_Hand
831,Train_831.jpg,No_Hand
832,Train_832.jpg,No_Hand
833,Train_833.jpg,No_Hand
834,Train_834.jpg,No_Hand
835,Train_835.jpg,No_Hand
836,Train_836.jpg,No_Hand
837,Train_837.jpg,No_Hand
838,Train_838.jpg,No_Hand
839,Train_839.jpg,No_Hand
840,Train_840.jpg,No_Hand
841,Train_841.jpg,No_Hand
842,Train_842.jpg,No_Hand
843,Train_843.jpg,No_Hand
844,Train_844.jpg,No_Hand
845,Train_845.jpg,No_Hand
846,Train_846.jpg,No_Hand
847,Train_847.jpg,No_Hand
848,Train_848.jpg,No_Hand
849,Train_849.jpg,No_Hand
850,Train_850.jpg,No_Hand
851,Train_851.jpg,No_Hand
852,Train_852.jpg,No_Hand
853,Train_853.jpg,No_Hand
854,Train_854.jpg,No_Hand
855,Train_855.jpg,No_Hand
856,Train_856.jpg,No_Hand
857,Train_857.jpg,No_Hand
858,Train_858.jpg,No_Hand
859,Train_859.jpg,No_Hand
860,Train_860.jpg,No_Hand
861,Train_861.jpg,No_Hand
862,Train_862.jpg,No_Hand
863,Train_863.jpg,No_Hand
864,Train_864.jpg,No_Hand
865,Train_865.jpg,No_Hand
866,Train_866.jpg,No_Hand
867,Train_867.jpg,No_Hand
868,Train_868.jpg,No_Hand
869,Train_869.jpg,No_Hand
870,Train_870.jpg,No_Hand
871,Train_871.jpg,No_Hand
872,Train_872.jpg,No_Hand
873,Train_873.jpg,No_Hand
874,Train_874.jpg,No_Hand
875,Train_875.jpg,No_Hand
876,Train_876.jpg,No_Hand
877,Train_877.jpg,No_Hand
878,Train_878.jpg,No_Hand
879,Train_879.jpg,No_Hand
880,Train_880.jpg,No_Hand
881,Train_881.jpg,No_Hand
882,Train_882.jpg,No_Hand
883,Train_883.jpg,No_Hand
884,Train_884.jpg,No_Hand
885,Train_885.jpg,No_Hand
886,Train_886.jpg,No_Hand
887,Train_887.jpg,No_Hand
888,Train_888.jpg,No_Hand
889,Train_889.jpg,No_Hand
890,Train_890.jpg,No_Hand
891,Train_891.jpg,No_Hand
892,Train_892.jpg,No_Hand
893,Train_893.jpg,No_Hand
894,Train_894.jpg,No_Hand
895,Train_895.jpg,No_Hand
896,Train_896.jpg,No_Hand
897,Train_897.jpg,No_Hand
898,Train_898.jpg,No_Hand
899,Train_899.jpg,No_Hand
900,Train_900.jpg,No_Hand
901,Train_901.jpg,No_Hand
902,Train_902.jpg,No_Hand
903,Train_903.jpg,No_Hand
904,Train_904.jpg,No_Hand
905,Train_905.jpg,No_Hand
906,Train_906.jpg,No_Hand
907,Train_907.jpg,No_Hand
908,Train_908.jpg,No_Hand
909,Train_909.jpg,No_Hand
910,Train_910.jpg,No_Hand
911,Train_911.jpg,No_Hand
912,Train_912.jpg,No_Hand
913,Train_913.jpg,No_Hand
914,Train_914.jpg,No_Hand
915,Train_915.jpg,No_Hand
916,Train_916.jpg,No_Hand
917,Train_917.jpg,No_Hand
918,Train_918.jpg,No_Hand
919,Train_919.jpg,No_Hand
920,Train_920.jpg,No_Hand
921,Train_921.jpg,No_Hand
922,Train_922.jpg,No_Hand
923,Train_923.jpg,No_Hand
924,Train_924.jpg,No_Hand
925,Train_925.jpg,No_Hand
926,Train_926.jpg,No_Hand
927,Train_927.jpg,No_Hand
928,Train_928.jpg,No_Hand
929,Train_929.jpg,No_Hand
930,Train_930.jpg,No_Hand
931,Train_931.jpg,No_Hand
932,Train_932.jpg,No_Hand
933,Train_933.jpg,No_Hand
934,Train_934.jpg,No_Hand
935,Train_935.jpg,No_Hand
936,Train_936.jpg,No_Hand
937,Train_937.jpg,No_Hand
938,Train_938.jpg,No_Hand
939,Train_939.jpg,No_Hand
940,Train_940.jpg,No_Hand
941,Train_941.jpg,No_Hand
942,Train_942.jpg,No_Hand
943,Train_943.jpg,No_Hand
944,Train_944.jpg,No_Hand
945,Train_945.jpg,No_Hand
946,Train_946.jpg,No_Hand
947,Train_947.jpg,No_Hand
948,Train_948.jpg,No_Hand
949,Train_949.jpg,No_Hand
950,Train_950.jpg,No_Hand
951,Train_951.jpg,No_Hand
952,Train_952.jpg,No_Hand
953,Train_953.jpg,No_Hand
954,Train_954.jpg,No_Hand
955,Train_955.jpg,No_Hand
956,Train_956.jpg,No_Hand
957,Train_957.jpg,No_Hand
958,Train_958.jpg,No_Hand
959,Train_959.jpg,No_Hand
960,Train_960.jpg,No_Hand
961,Train_961.jpg,No_Hand
962,Train_962.jpg,No_Hand
963,Train_963.jpg,No_Hand
964,Train_964.jpg,No_Hand
965,Train_965.jpg,No_Hand
966,Train_966.jpg,No_Hand
967,Train_967.jpg,No_Hand
968,Train_968.jpg,No_Hand
969,Train_969.jpg,No_Hand
970,Train_970.jpg,No_Hand
971,Train_971.jpg,No_Hand
972,Train_972.jpg,No_Hand
973,Train_973.jpg,No_Hand
974,Train_974.jpg,No_Hand
975,Train_975.jpg,No_Hand
976,Train_976.jpg,No_Hand
977,Train_977.jpg,No_Hand
978,Train_978.jpg,No_Hand
979,Train_979.jpg,No_Hand
980,Train_980.jpg,No_Hand
981,Train_981.jpg,No_Hand
982,Train_982.jpg,No_Hand
983,Train_983.jpg,No_Hand
984,Train_984.jpg,No_Hand
985,Train_985.jpg,No_Hand
986,Train_986.jpg,No_Hand
987,Train_987.jpg,No_Hand
988,Train_988.jpg,No_Hand
989,Train_989.jpg,No_Hand
990,Train_990.jpg,No_Hand
991,Train_991.jpg,No_Hand
992,Train_992.jpg,No_Hand
993,Train_993.jpg,No_Hand
994,Train_994.jpg,No_Hand
995,Train_995.jpg,No_Hand
996,Train_996.jpg,No_Hand
997,Train_997.jpg,No_Hand
998,Train_998.jpg,No_Hand
999,Train_999.jpg,No_Hand
1000,Train_1000.jpg,No_Hand
1001,Train_1001.jpg,No_Hand
1002,Train_1002.jpg,No_Hand
1003,Train_1003.jpg,No_Hand
1004,Train_1004.jpg,No_Hand
1005,Train_1005.jpg,No_Hand
1006,Train_1006.jpg,No_Hand
1007,Train_1007.jpg,No_Hand
1008,Train_1008.jpg,No_Hand
1009,Train_1009.jpg,No_Hand
1010,Train_1010.jpg,No_Hand
1011,Train_1011.jpg,No_Hand
1012,Train_1012.jpg,No_Hand
1013,Train_1013.jpg,No_Hand
1014,Train_1014.jpg,No_Hand
1015,Train_1015.jpg,No_Hand
1016,Train_1016.jpg,No_Hand
1017,Train_1017.jpg,No_Hand
1018,Train_1018.jpg,No_Hand
1019,Train_1019.jpg,No_Hand
1020,Train_1020.jpg,No_Hand
1021,Train_1021.jpg,No_Hand
1022,Train_1022.jpg,No_Hand
1023,Train_1023.jpg,No_Hand
1024,Train_1024.jpg,No_Hand
1025,Train_1025.jpg,No_Hand
1026,Train_1026.jpg,No_Hand
1027,Train_1027.jpg,No_Hand
1028,Train_1028.jpg,No_Hand
1029,Train_1029.jpg,No_Hand
1030,Train_1030.jpg,No_Hand
1031,Train_1031.jpg,No_Hand
1032,Train_1032.jpg,No_Hand
1033,Train_1033.jpg,No_Hand
1034,Train_1034.jpg,No_Hand
1035,Train_1035.jpg,No_Hand
1036,Train_1036.jpg,No_Hand
1037,Train_1037.jpg,No_Hand
1038,Train_1038.jpg,No_Hand
1039,Train_1039.jpg,No_Hand
1040,Train_1040.jpg,No_Hand
1041,Train_1041.jpg,No_Hand
1042,Train_1042.jpg,No_Hand
1043,Train_1043.jpg,No_Hand
1044,Train_1044.jpg,No_Hand
1045,Train_1045.jpg,No_Hand
1046,Train_1046.jpg,No_Hand
1047,Train_1047.jpg,No_Hand
1048,Train_1048.jpg,No_Hand
1049,Train_1049.jpg,No_Hand
1050,Train_1050.jpg,No_Hand
1051,Train_1051.jpg,No_Hand
1052,Train_1052.jpg,No_Hand
1053,Train_1053.jpg,No_Hand
1054,Train_1054.jpg,No_Hand
1055,Train_1055.jpg,No_Hand
1056,Train_1056.jpg,No_Hand
1057,Train_1057.jpg,No_Hand
1058,Train_1058.jpg,No_Hand
1059,Train_1059.jpg,No_Hand
1060,Train_1060.jpg,No_Hand
1061,Train_1061.jpg,No_Hand
1062,Train_1062.jpg,No_Hand
1063,Train_1063.jpg,No_Hand
1064,Train_1064.jpg,No_Hand
1065,Train_1065.jpg,No_Hand
1066,Train_1066.jpg,No_Hand
1067,Train_1067.jpg,No_Hand
1068,Train_1068.jpg,No_Hand
1069,Train_1069.jpg,No_Hand
1070,Train_1070.jpg,No_Hand
1071,Train_1071.jpg,No_Hand
1072,Train_1072.jpg,No_Hand
1073,Train_1073.jpg,No_Hand
1074,Train_1074.jpg,No_Hand
1075,Train_1075.jpg,No_Hand
1076,Train_1076.jpg,No_Hand
1077,Train_1077.jpg,No_Hand
1078,Train_1078.jpg,No_Hand
1079,Train_1079.jpg,No_Hand
1080,Train_1080.jpg,No_Hand
1081,Train_1081.jpg,No_Hand
1082,Train_1082.jpg,No_Hand
1083,Train_1083.jpg,No_Hand
1084,Train_1084.jpg,No_Hand
1085,Train_1085.jpg,No_Hand
1086,Train_1086.jpg,No_Hand
1087,Train_1087.jpg,No_Hand
1088,Train_1088.jpg,No_Hand
1089,Train_1089.jpg,No_Hand
1090,Train_1090.jpg,No_Hand
1091,Train_1091.jpg,No_Hand
1092,Train_1092.jpg,No_Hand
1093,Train_1093.jpg,No_Hand
1094,Train_1094.jpg,No_Hand
1095,Train_1095.jpg,No_Hand
1096,Train_1096.jpg,No_Hand
1097,Train_1097.jpg,No_Hand
1098,Train_1098.jpg,No_Hand
1099,Train_1099.jpg,No_Hand
1100,Train_1100.jpg,No_Hand
1101,Train_1101.jpg,No_Hand
1102,Train_1102.jpg,No_Hand
1103,Train_1103.jpg,No_Hand
1104,Train_1104.jpg,No_Hand
1105,Train_1105.jpg,No_Hand
1106,Train_1106.jpg,No_Hand
1107,Train_1107.jpg,No_Hand
1108,Train_1108.jpg,No_Hand
1109,Train_1109.jpg,No_Hand
1110,Train_1110.jpg,No_Hand
1111,Train_1111.jpg,No_Hand
1112,Train_1112.jpg,No_Hand
1113,Train_1113.jpg,No_Hand
1114,Train_1114.jpg,No_Hand
1115,Train_1115.jpg,No_Hand
1116,Train_1116.jpg,No_Hand
1117,Train_1117.jpg,No_Hand
1118,Train_1118.jpg,No_Hand
1119,Train_1119.jpg,No_Hand
1120,Train_1120.jpg,No_Hand
1121,Train_1121.jpg,No_Hand
1122,Train_1122.jpg,No_Hand
1123,Train_1123.jpg,No_Hand
1124,Train_1124.jpg,No_Hand
1125,Train_1125.jpg,No_Hand
1126,Train_1126.jpg,No_Hand
1127,Train_1127.jpg,No_Hand
1128,Train_1128.jpg,No_Hand
1129,Train_1129.jpg,No_Hand
1130,Train_1130.jpg,No_Hand
1131,Train_1131.jpg,No_Hand
1132,Train_1132.jpg,No_Hand
1133,Train_1133.jpg,No_Hand
1134,Train_1134.jpg,No_Hand
1135,Train_1135.jpg,No_Hand
1136,Train_1136.jpg,No_Hand
1137,Train_1137.jpg,No_Hand
1138,Train_1138.jpg,No_Hand
1139,Train_1139.jpg,No_Hand
1140,Train_1140.jpg,No_Hand
1141,Train_1141.jpg,No_Hand
1142,Train_1142.jpg,No_Hand
1143,Train_1143.jpg,No_Hand
1144,Train_1144.jpg,No_Hand
1145,Train_1145.jpg,No_Hand
1146,Train_1146.jpg,No_Hand
1147,Train_1147.jpg,No_Hand
1148,Train_1148.jpg,No_Hand
1149,Train_1149.jpg,No_Hand
1150,Train_1150.jpg,No_Hand
1151,Train_1151.jpg,No_Hand
1152,Train_1152.jpg,No_Hand
1153,Train_1153.jpg,No_Hand
1154,Train_1154.jpg,No_Hand
1155,Train_1155.jpg,No_Hand
1156,Train_1156.jpg,No_Hand
1157,Train_1157.jpg,No_Hand
1158,Train_1158.jpg,No_Hand
1159,Train_1159.jpg,No_Hand
1160,Train_1160.jpg,No_Hand
1161,Train_1161.jpg,No_Hand
1162,Train_1162.jpg,No_Hand
1163,Train_1163.jpg,No_Hand
1164,Train_1164.jpg,No_Hand
1165,Train_1165.jpg,No_Hand
1166,Train_1166.jpg,No_Hand
1167,Train_1167.jpg,No_Hand
1168,Train_1168.jpg,No_Hand
1169,Train_1169.jpg,No_Hand
1170,Train_1170.jpg,No_Hand
1171,Train_1171.jpg,No_Hand
1172,Train_1172.jpg,No_Hand
1173,Train_1173.jpg,No_Hand
1174,Train_1174.jpg,No_Hand
1175,Train_1175.jpg,No_Hand
1176,Train_1176.jpg,No_Hand
1177,Train_1177.jpg,No_Hand
1178,Train_1178.jpg,No_Hand
1179,Train_1179.jpg,No_Hand
1180,Train_1180.jpg,No_Hand
1181,Train_1181.jpg,No_Hand
1182,Train_1182.jpg,No_Hand
1183,Train_1183.jpg,No_Hand
1184,Train_1184.jpg,No_Hand
1185,Train_1185.jpg,No_Hand
1186,Train_1186.jpg,No_Hand
1187,Train_1187.jpg,No_Hand
1188,Train_1188.jpg,No_Hand
1189,Train_1189.jpg,No_Hand
1190,Train_1190.jpg,No_Hand
1191,Train_1191.jpg,No_Hand
1192,Train_1192.jpg,No_Hand
1193,Train_1193.jpg,No_Hand
1194,Train_1194.jpg,No_Hand
1195,Train_1195.jpg,No_Hand
1196,Train_1196.jpg,No_Hand
1197,Train_1197.jpg,No_Hand
1198,Train_1198.jpg,No_Hand
1199,Train_1199.jpg,No_Hand
1200,Train_1200.jpg,No_Hand
1201,Train_1201.jpg,No_Hand
1202,Train_1202.jpg,No_Hand
1203,Train_1203.jpg,No_Hand
1204,Train_1204.jpg,No_Hand
1205,Train_1205.jpg,No_Hand
1206,Train_1206.jpg,No_Hand
1207,Train_1207.jpg,No_Hand
1208,Train_1208.jpg,No_Hand
1209,Train_1209.jpg,No_Hand
1210,Train_1210.jpg,No_Hand
1211,Train_1211.jpg,No_Hand
1212,Train_1212.jpg,No_Hand
1213,Train_1213.jpg,No_Hand
1214,Train_1214.jpg,No_Hand
1215,Train_1215.jpg,No_Hand
1216,Train_1216.jpg,No_Hand
1217,Train_1217.jpg,No_Hand
1218,Train_1218.jpg,No_Hand
1219,Train_1219.jpg,No_Hand
1220,Train_1220.jpg,No_Hand
1221,Train_1221.jpg,No_Hand
1222,Train_1222.jpg,No_Hand
1223,Train_1223.jpg,No_Hand
1224,Train_1224.jpg,No_Hand
1225,Train_1225.jpg,No_Hand
1226,Train_1226.jpg,No_Hand
1227,Train_1227.jpg,No_Hand
1228,Train_1228.jpg,No_Hand
1229,Train_1229.jpg,No_Hand
1230,Train_1230.jpg,No_Hand
1231,Train_1231.jpg,No_Hand
1232,Train_1232.jpg,No_Hand
1233,Train_1233.jpg,No_Hand
1234,Train_1234.jpg,No_Hand
1235,Train_1235.jpg,No_Hand
1236,Train_1236.jpg,No_Hand
1237,Train_1237.jpg,No_Hand
1238,Train_1238.jpg,No_Hand
1239,Train_1239.jpg,No_Hand
1240,Train_1240.jpg,No_Hand
1241,Train_1241.jpg,No_Hand
1242,Train_1242.jpg,No_Hand
1243,Train_1243.jpg,No_Hand
1244,Train_1244.jpg,No_Hand
1245,Train_1245.jpg,No_Hand
1246,Train_1246.jpg,No_Hand
1247,Train_1247.jpg,No_Hand
1248,Train_1248.jpg,No_Hand
1249,Train_1249.jpg,No_Hand
1250,Train_1250.jpg,No_Hand
1251,Train_1251.jpg,No_Hand
1252,Train_1252.jpg,No_Hand
1253,Train_1253.jpg,No_Hand
1254,Train_1254.jpg,No_Hand
1255,Train_1255.jpg,No_Hand
1256,Train_1256.jpg,No_Hand
1257,Train_1257.jpg,No_Hand
1258,Train_1258.jpg,No_Hand
1259,Train_1259.jpg,No_Hand
1260,Train_1260.jpg,No_Hand
1261,Train_1261.jpg,No_Hand
1262,Train_1262.jpg,No_Hand
1263,Train_1263.jpg,No_Hand
1264,Train_1264.jpg,No_Hand
1265,Train_1265.jpg,No_Hand
1266,Train_1266.jpg,No_Hand
1267,Train_1267.jpg,No_Hand
1268,Train_1268.jpg,No_Hand
1269,Train_1269.jpg,No_Hand
1270,Train_1270.jpg,No_Hand
1271,Train_1271.jpg,No_Hand
1272,Train_1272.jpg,No_Hand
1273,Train_1273.jpg,No_Hand
1274,Train_1274.jpg,No_Hand
1275,Train_1275.jpg,No_Hand
1276,Train_1276.jpg,No_Hand
1277,Train_1277.jpg,No_Hand
1278,Train_1278.jpg,No_Hand
1279,Train_1279.jpg,No_Hand
1280,Train_1280.jpg,No_Hand
1281,Train_1281.jpg,No_Hand
1282,Train_1282.jpg,No_Hand
1283,Train_1283.jpg,No_Hand
1284,Train_1284.jpg,No_Hand
1285,Train_1285.jpg,No_Hand
1286,Train_1286.jpg,No_Hand
1287,Train_1287.jpg,No_Hand
1288,Train_1288.jpg,No_Hand
1289,Train_1289.jpg,No_Hand
1290,Train_1290.jpg,No_Hand
1291,Train_1291.jpg,No_Hand
1292,Train_1292.jpg,No_Hand
1293,Train_1293.jpg,No_Hand
1294,Train_1294.jpg,No_Hand
1295,Train_1295.jpg,No_Hand
1296,Train_1296.jpg,No_Hand
1297,Train_1297.jpg,No_Hand
1298,Train_1298.jpg,No_Hand
1299,Train_1299.jpg,No_Hand
1300,Train_1300.jpg,No_Hand
1301,Train_1301.jpg,No_Hand
1302,Train_1302.jpg,No_Hand
1303,Train_1303.jpg,No_Hand
1304,Train_1304.jpg,No_Hand
1305,Train_1305.jpg,No_Hand
1306,Train_1306.jpg,No_Hand
1307,Train_1307.jpg,No_Hand
1308,Train_1308.jpg,No_Hand
1309,Train_1309.jpg,No_Hand
1310,Train_1310.jpg,No_Hand
1311,Train_1311.jpg,No_Hand
1312,Train_1312.jpg,No_Hand
1313,Train_1313.jpg,No_Hand
1314,Train_1314.jpg,No_Hand
1315,Train_1315.jpg,No_Hand
1316,Train_1316.jpg,No_Hand
1317,Train_1317.jpg,No_Hand
1318,Train_1318.jpg,No_Hand
1319,Train_1319.jpg,No_Hand
1320,Train_1320.jpg,No_Hand
1321,Train_1321.jpg,No_Hand
1322,Train_1322.jpg,No_Hand
1323,Train_1323.jpg,No_Hand
1324,Train_1324.jpg,No_Hand
1325,Train_1325.jpg,No_Hand
1326,Train_1326.jpg,No_Hand
1327,Train_1327.jpg,No_Hand
1328,Train_1328.jpg,No_Hand
1329,Train_1329.jpg,No_Hand
1330,Train_1330.jpg,No_Hand
1331,Train_1331.jpg,No_Hand
1332,Train_1332.jpg,No_Hand
1333,Train_1333.jpg,No_Hand
1334,Train_1334.jpg,No_Hand
1335,Train_1335.jpg,No_Hand
1336,Train_1336.jpg,No_Hand
1337,Train_1337.jpg,No_Hand
1338,Train_1338.jpg,No_Hand
1339,Train_1339.jpg,No_Hand
1340,Train_1340.jpg,No_Hand
1341,Train_1341.jpg,No_Hand
1342,Train_1342.jpg,No_Hand
1343,Train_1343.jpg,No_Hand
1344,Train_1344.jpg,No_Hand
1345,Train_1345.jpg,No_Hand
1346,Train_1346.jpg,No_Hand
1347,Train_1347.jpg,No_Hand
1348,Train_1348.jpg,No_Hand
1349,Train_1349.jpg,No_Hand
1350,Train_1350.jpg,No_Hand
1351,Train_1351.jpg,No_Hand
1352,Train_1352.jpg,No_Hand
1353,Train_1353.jpg,No_Hand
1354,Train_1354.jpg,No_Hand
1355,Train_1355.jpg,No_Hand
1356,Train_1356.jpg,No_Hand
1357,Train_1357.jpg,No_Hand
1358,Train_1358.jpg,No_Hand
1359,Train_1359.jpg,No_Hand
1360,Train_1360.jpg,No_Hand
1361,Train_1361.jpg,No_Hand
1362,Train_1362.jpg,No_Hand
1363,Train_1363.jpg,No_Hand
1364,Train_1364.jpg,No_Hand
1365,Train_1365.jpg,No_Hand
1366,Train_1366.jpg,No_Hand
1367,Train_1367.jpg,No_Hand
1368,Train_1368.jpg,No_Hand
1369,Train_1369.jpg,No_Hand
1370,Train_1370.jpg,No_Hand
1371,Train_1371.jpg,No_Hand
1372,Train_1372.jpg,No_Hand
1373,Train_1373.jpg,No_Hand
1374,Train_1374.jpg,No_Hand
1375,Train_1375.jpg,No_Hand
1376,Train_1376.jpg,No_Hand
1377,Train_1377.jpg,No_Hand
1378,Train_1378.jpg,No_Hand
1379,Train_1379.jpg,No_Hand
1380,Train_1380.jpg,No_Hand
1381,Train_1381.jpg,No_Hand
1382,Train_1382.jpg,No_Hand
1383,Train_1383.jpg,No_Hand
1384,Train_1384.jpg,No_Hand
1385,Train_1385.jpg,No_Hand
1386,Train_1386.jpg,No_Hand
1387,Train_1387.jpg,No_Hand
1388,Train_1388.jpg,No_Hand
1389,Train_1389.jpg,No_Hand
1390,Train_1390.jpg,No_Hand
1391,Train_1391.jpg,No_Hand
1392,Train_1392.jpg,No_Hand
1393,Train_1393.jpg,No_Hand
1394,Train_1394.jpg,No_Hand
1395,Train_1395.jpg,No_Hand
1396,Train_1396.jpg,No_Hand
1397,Train_1397.jpg,No_Hand
1398,Train_1398.jpg,No_Hand
1399,Train_1399.jpg,No_Hand
1400,Train_1400.jpg,No_Hand
1401,Train_1401.jpg,No_Hand
1402,Train_1402.jpg,No_Hand
1403,Train_1403.jpg,No_Hand
1404,Train_1404.jpg,No_Hand
1405,Train_1405.jpg,No_Hand
1406,Train_1406.jpg,No_Hand
1407,Train_1407.jpg,No_Hand
1408,Train_1408.jpg,No_Hand
1409,Train_1409.jpg,No_Hand
1410,Train_1410.jpg,No_Hand
1411,Train_1411.jpg,No_Hand
1412,Train_1412.jpg,No_Hand
1413,Train_1413.jpg,No_Hand
1414,Train_1414.jpg,No_Hand
1415,Train_1415.jpg,No_Hand
1416,Train_1416.jpg,No_Hand
1417,Train_1417.jpg,No_Hand
1418,Train_1418.jpg,No_Hand
1419,Train_1419.jpg,No_Hand
1420,Train_1420.jpg,No_Hand
1421,Train_1421.jpg,No_Hand
1422,Train_1422.jpg,No_Hand
1423,Train_1423.jpg,No_Hand
1424,Train_1424.jpg,No_Hand
1425,Train_1425.jpg,No_Hand
1426,Train_1426.jpg,No_Hand
1427,Train_1427.jpg,No_Hand
1428,Train_1428.jpg,No_Hand
1429,Train_1429.jpg,No_Hand
1430,Train_1430.jpg,No_Hand
1431,Train_1431.jpg,No_Hand
1432,Train_1432.jpg,No_Hand
1433,Train_1433.jpg,No_Hand
1434,Train_1434.jpg,No_Hand
1435,Train_1435.jpg,No_Hand
1436,Train_1436.jpg,No_Hand
1437,Train_1437.jpg,No_Hand
1438,Train_1438.jpg,No_Hand
1439,Train_1439.jpg,No_Hand
1440,Train_1440.jpg,No_Hand
1441,Train_1441.jpg,No_Hand
1442,Train_1442.jpg,No_Hand
1443,Train_1443.jpg,No_Hand
1444,Train_1444.jpg,No_Hand
1445,Train_1445.jpg,No_Hand
1446,Train_1446.jpg,No_Hand
1447,Train_1447.jpg,No_Hand
1448,Train_1448.jpg,No_Hand
1449,Train_1449.jpg,No_Hand
1450,Train_1450.jpg,No_Hand
1451,Train_1451.jpg,No_Hand
1452,Train_1452.jpg,No_Hand
1453,Train_1453.jpg,No_Hand
1454,Train_1454.jpg,No_Hand
1455,Train_1455.jpg,No_Hand
1456,Train_1456.jpg,No_Hand
1457,Train_1457.jpg,No_Hand
1458,Train_1458.jpg,No_Hand
1459,Train_1459.jpg,No_Hand
1460,Train_1460.jpg,No_Hand
1461,Train_1461.jpg,No_Hand
1462,Train_1462.jpg,No_Hand
1463,Train_1463.jpg,No_Hand
1464,Train_1464.jpg,No_Hand
1465,Train_1465.jpg,No_Hand
1466,Train_1466.jpg,No_Hand
1467,Train_1467.jpg,No_Hand
1468,Train_1468.jpg,No_Hand
1469,Train_1469.jpg,No_Hand
1470,Train_1470.jpg,No_Hand
1471,Train_1471.jpg,No_Hand
1472,Train_1472.jpg,No_Hand
1473,Train_1473.jpg,No_Hand
1474,Train_1474.jpg,No_Hand
1475,Train_1475.jpg,No_Hand
1476,Train_1476.jpg,No_Hand
1477,Train_1477.jpg,No_Hand
1478,Train_1478.jpg,No_Hand
1479,Train_1479.jpg,No_Hand
1480,Train_1480.jpg,No_Hand
1481,Train_1481.jpg,No_Hand
1482,Train_1482.jpg,No_Hand
1483,Train_1483.jpg,No_Hand
1484,Train_1484.jpg,No_Hand
1485,Train_1485.jpg,No_Hand
1486,Train_1486.jpg,No_Hand
1487,Train_1487.jpg,No_Hand
1488,Train_1488.jpg,No_Hand
1489,Train_1489.jpg,No_Hand
1490,Train_1490.jpg,No_Hand
1491,Train_1491.jpg,No_Hand
1492,Train_1492.jpg,No_Hand
1493,Train_1493.jpg,Idle
1494,Train_1494.jpg,Idle
1495,Train_1495.jpg,Idle
1496,Train_1496.jpg,Idle
1497,Train_1497.jpg,Idle
1498,Train_1498.jpg,Idle
1499,Train_1499.jpg,Idle
1500,Train_1500.jpg,Idle
1501,Train_1501.jpg,Idle
1502,Train_1502.jpg,Idle
1503,Train_1503.jpg,Idle
1504,Train_1504.jpg,Idle
1505,Train_1505.jpg,Idle
1506,Train_1506.jpg,Idle
1507,Train_1507.jpg,Idle
1508,Train_1508.jpg,Idle
1509,Train_1509.jpg,Idle
1510,Train_1510.jpg,Idle
1511,Train_1511.jpg,Idle
1512,Train_1512.jpg,Idle
1513,Train_1513.jpg,Idle
1514,Train_1514.jpg,Idle
1515,Train_1515.jpg,Idle
1516,Train_1516.jpg,Idle
1517,Train_1517.jpg,Idle
1518,Train_1518.jpg,Idle
1519,Train_1519.jpg,Idle
1520,Train_1520.jpg,Idle
1521,Train_1521.jpg,Idle
1522,Train_1522.jpg,Idle
1523,Train_1523.jpg,Idle
1524,Train_1524.jpg,Idle
1525,Train_1525.jpg,Idle
1526,Train_1526.jpg,Idle
1527,Train_1527.jpg,Idle
1528,Train_1528.jpg,Idle
1529,Train_1529.jpg,Idle
1530,Train_1530.jpg,Idle
1531,Train_1531.jpg,Idle
1532,Train_1532.jpg,Idle
1533,Train_1533.jpg,Idle
1534,Train_1534.jpg,Idle
1535,Train_1535.jpg,Idle
1536,Train_1536.jpg,Idle
1537,Train_1537.jpg,Idle
1538,Train_1538.jpg,Idle
1539,Train_1539.jpg,Idle
1540,Train_1540.jpg,Idle
1541,Train_1541.jpg,Idle
1542,Train_1542.jpg,Idle
1543,Train_1543.jpg,Idle
1544,Train_1544.jpg,Idle
1545,Train_1545.jpg,Idle
1546,Train_1546.jpg,Idle
1547,Train_1547.jpg,Idle
1548,Train_1548.jpg,Idle
1549,Train_1549.jpg,Idle
1550,Train_1550.jpg,Idle
1551,Train_1551.jpg,Idle
1552,Train_1552.jpg,Idle
1553,Train_1553.jpg,Idle
1554,Train_1554.jpg,Idle
1555,Train_1555.jpg,Idle
1556,Train_1556.jpg,Idle
1557,Train_1557.jpg,Idle
1558,Train_1558.jpg,Idle
1559,Train_1559.jpg,Idle
1560,Train_1560.jpg,Idle
1561,Train_1561.jpg,Idle
1562,Train_1562.jpg,Idle
1563,Train_1563.jpg,Idle
1564,Train_1564.jpg,Idle
1565,Train_1565.jpg,Idle
1566,Train_1566.jpg,Idle
1567,Train_1567.jpg,Idle
1568,Train_1568.jpg,Idle
1569,Train_1569.jpg,Idle
1570,Train_1570.jpg,Idle
1571,Train_1571.jpg,Idle
1572,Train_1572.jpg,Idle
1573,Train_1573.jpg,Idle
1574,Train_1574.jpg,Idle
1575,Train_1575.jpg,Idle
1576,Train_1576.jpg,Idle
1577,Train_1577.jpg,Idle
1578,Train_1578.jpg,Idle
1579,Train_1579.jpg,Idle
1580,Train_1580.jpg,Idle
1581,Train_1581.jpg,Idle
1582,Train_1582.jpg,Idle
1583,Train_1583.jpg,Idle
1584,Train_1584.jpg,Idle
1585,Train_1585.jpg,Idle
1586,Train_1586.jpg,Idle
1587,Train_1587.jpg,Idle
1588,Train_1588.jpg,Idle
1589,Train_1589.jpg,Idle
1590,Train_1590.jpg,Idle
1591,Train_1591.jpg,Idle
1592,Train_1592.jpg,Idle
1593,Train_1593.jpg,Idle
1594,Train_1594.jpg,Idle
1595,Train_1595.jpg,Idle
1596,Train_1596.jpg,Idle
1597,Train_1597.jpg,Idle
1598,Train_1598.jpg,Idle
1599,Train_1599.jpg,Idle
1600,Train_1600.jpg,Idle
1601,Train_1601.jpg,Idle
1602,Train_1602.jpg,Idle
1603,Train_1603.jpg,Idle
1604,Train_1604.jpg,Idle
1605,Train_1605.jpg,Idle
1606,Train_1606.jpg,Idle
1607,Train_1607.jpg,Idle
1608,Train_1608.jpg,Idle
1609,Train_1609.jpg,Idle
1610,Train_1610.jpg,Idle
1611,Train_1611.jpg,Idle
1612,Train_1612.jpg,Idle
1613,Train_1613.jpg,Idle
1614,Train_1614.jpg,Idle
1615,Train_1615.jpg,Idle
1616,Train_1616.jpg,Idle
1617,Train_1617.jpg,Idle
1618,Train_1618.jpg,Idle
1619,Train_1619.jpg,Idle
1620,Train_1620.jpg,Idle
1621,Train_1621.jpg,Idle
1622,Train_1622.jpg,Idle
1623,Train_1623.jpg,Idle
1624,Train_1624.jpg,Idle
1625,Train_1625.jpg,Idle
1626,Train_1626.jpg,Idle
1627,Train_1627.jpg,Idle
1628,Train_1628.jpg,Idle
1629,Train_1629.jpg,Idle
1630,Train_1630.jpg,Idle
1631,Train_1631.jpg,Idle
1632,Train_1632.jpg,Idle
1633,Train_1633.jpg,Idle
1634,Train_1634.jpg,Idle
1635,Train_1635.jpg,Idle
1636,Train_1636.jpg,Idle
1637,Train_1637.jpg,Idle
1638,Train_1638.jpg,Idle
1639,Train_1639.jpg,Idle
1640,Train_1640.jpg,Idle
1641,Train_1641.jpg,Idle
1642,Train_1642.jpg,Idle
1643,Train_1643.jpg,Idle
1644,Train_1644.jpg,Idle
1645,Train_1645.jpg,Idle
1646,Train_1646.jpg,Idle
1647,Train_1647.jpg,Idle
1648,Train_1648.jpg,Idle
1649,Train_1649.jpg,Idle
1650,Train_1650.jpg,Idle
1651,Train_1651.jpg,Idle
1652,Train_1652.jpg,Idle
1653,Train_1653.jpg,Idle
1654,Train_1654.jpg,Idle
1655,Train_1655.jpg,Idle
1656,Train_1656.jpg,Idle
1657,Train_1657.jpg,Idle
1658,Train_1658.jpg,Idle
1659,Train_1659.jpg,Idle
1660,Train_1660.jpg,Idle
1661,Train_1661.jpg,Idle
1662,Train_1662.jpg,Idle
1663,Train_1663.jpg,Idle
1664,Train_1664.jpg,Idle
1665,Train_1665.jpg,Idle
1666,Train_1666.jpg,Idle
1667,Train_1667.jpg,Idle
1668,Train_1668.jpg,Idle
1669,Train_1669.jpg,Idle
1670,Train_1670.jpg,Idle
1671,Train_1671.jpg,Idle
1672,Train_1672.jpg,Idle
1673,Train_1673.jpg,Idle
1674,Train_1674.jpg,Idle
1675,Train_1675.jpg,Idle
1676,Train_1676.jpg,Idle
1677,Train_1677.jpg,Idle
1678,Train_1678.jpg,Idle
1679,Train_1679.jpg,Idle
1680,Train_1680.jpg,Idle
1681,Train_1681.jpg,Idle
1682,Train_1682.jpg,Idle
1683,Train_1683.jpg,Idle
1684,Train_1684.jpg,Idle
1685,Train_1685.jpg,Idle
1686,Train_1686.jpg,Idle
1687,Train_1687.jpg,Idle
1688,Train_1688.jpg,Idle
1689,Train_1689.jpg,Idle
1690,Train_1690.jpg,Idle
1691,Train_1691.jpg,Idle
1692,Train_1692.jpg,Idle
1693,Train_1693.jpg,Idle
1694,Train_1694.jpg,Idle
1695,Train_1695.jpg,Idle
1696,Train_1696.jpg,Idle
1697,Train_1697.jpg,Idle
1698,Train_1698.jpg,Idle
1699,Train_1699.jpg,Idle
1700,Train_1700.jpg,Idle
1701,Train_1701.jpg,Idle
1702,Train_1702.jpg,Idle
1703,Train_1703.jpg,Idle
1704,Train_1704.jpg,Idle
1705,Train_1705.jpg,Idle
1706,Train_1706.jpg,Idle
1707,Train_1707.jpg,Idle
1708,Train_1708.jpg,Idle
1709,Train_1709.jpg,Idle
1710,Train_1710.jpg,Idle
1711,Train_1711.jpg,Idle
1712,Train_1712.jpg,Idle
1713,Train_1713.jpg,Idle
1714,Train_1714.jpg,Idle
1715,Train_1715.jpg,Idle
1716,Train_1716.jpg,Idle
1717,Train_1717.jpg,Idle
1718,Train_1718.jpg,Idle
1719,Train_1719.jpg,Idle
1720,Train_1720.jpg,Idle
1721,Train_1721.jpg,Idle
1722,Train_1722.jpg,Idle
1723,Train_1723.jpg,Idle
1724,Train_1724.jpg,Idle
1725,Train_1725.jpg,Idle
1726,Train_1726.jpg,Idle
1727,Train_1727.jpg,Idle
1728,Train_1728.jpg,Idle
1729,Train_1729.jpg,Idle
1730,Train_1730.jpg,Idle
1731,Train_1731.jpg,Idle
1732,Train_1732.jpg,Idle
1733,Train_1733.jpg,Idle
1734,Train_1734.jpg,Idle
1735,Train_1735.jpg,Idle
1736,Train_1736.jpg,Idle
1737,Train_1737.jpg,Idle
1738,Train_1738.jpg,Idle
1739,Train_1739.jpg,Idle
1740,Train_1740.jpg,Idle
1741,Train_1741.jpg,Idle
1742,Train_1742.jpg,Idle
1743,Train_1743.jpg,Idle
1744,Train_1744.jpg,Idle
1745,Train_1745.jpg,Idle
1746,Train_1746.jpg,Idle
1747,Train_1747.jpg,Idle
1748,Train_1748.jpg,Idle
1749,Train_1749.jpg,Idle
1750,Train_1750.jpg,Idle
1751,Train_1751.jpg,Idle
1752,Train_1752.jpg,Idle
1753,Train_1753.jpg,Idle
1754,Train_1754.jpg,Idle
1755,Train_1755.jpg,Idle
1756,Train_1756.jpg,Idle
1757,Train_1757.jpg,Idle
1758,Train_1758.jpg,Idle
1759,Train_1759.jpg,Idle
1760,Train_1760.jpg,Idle
1761,Train_1761.jpg,Idle
1762,Train_1762.jpg,Idle
1763,Train_1763.jpg,Idle
1764,Train_1764.jpg,Idle
1765,Train_1765.jpg,Idle
1766,Train_1766.jpg,Idle
1767,Train_1767.jpg,Idle
1768,Train_1768.jpg,Idle
1769,Train_1769.jpg,Idle
1770,Train_1770.jpg,Idle
1771,Train_1771.jpg,Idle
1772,Train_1772.jpg,Idle
1773,Train_1773.jpg,Idle
1774,Train_1774.jpg,Idle
1775,Train_1775.jpg,Idle
1776,Train_1776.jpg,Idle
1777,Train_1777.jpg,Idle
1778,Train_1778.jpg,Idle
1779,Train_1779.jpg,Idle
1780,Train_1780.jpg,Idle
1781,Train_1781.jpg,Idle
1782,Train_1782.jpg,Idle
1783,Train_1783.jpg,Idle
1784,Train_1784.jpg,Idle
1785,Train_1785.jpg,Idle
1786,Train_1786.jpg,Idle
1787,Train_1787.jpg,Idle
1788,Train_1788.jpg,Idle
1789,Train_1789.jpg,Idle
1790,Train_1790.jpg,Idle
1791,Train_1791.jpg,Idle
1792,Train_1792.jpg,Idle
1793,Train_1793.jpg,Idle
1794,Train_1794.jpg,Idle
1795,Train_1795.jpg,Idle
1796,Train_1796.jpg,Idle
1797,Train_1797.jpg,Idle
1798,Train_1798.jpg,Idle
1799,Train_1799.jpg,Idle
1800,Train_1800.jpg,Idle
1801,Train_1801.jpg,Idle
1802,Train_1802.jpg,Idle
1803,Train_1803.jpg,Idle
1804,Train_1804.jpg,Idle
1805,Train_1805.jpg,Idle
1806,Train_1806.jpg,Idle
1807,Train_1807.jpg,Idle
1808,Train_1808.jpg,Idle
1809,Train_1809.jpg,Idle
1810,Train_1810.jpg,Idle
1811,Train_1811.jpg,Idle
1812,Train_1812.jpg,Idle
1813,Train_1813.jpg,Idle
1814,Train_1814.jpg,Idle
1815,Train_1815.jpg,Idle
1816,Train_1816.jpg,Idle
1817,Train_1817.jpg,Idle
1818,Train_1818.jpg,Idle
1819,Train_1819.jpg,Idle
1820,Train_1820.jpg,Idle
1821,Train_1821.jpg,Idle
1822,Train_1822.jpg,Idle
1823,Train_1823.jpg,Idle
1824,Train_1824.jpg,Idle
1825,Train_1825.jpg,Idle
1826,Train_1826.jpg,Idle
1827,Train_1827.jpg,Idle
1828,Train_1828.jpg,Idle
1829,Train_1829.jpg,Idle
1830,Train_1830.jpg,Idle
1831,Train_1831.jpg,Idle
1832,Train_1832.jpg,Idle
1833,Train_1833.jpg,Idle
1834,Train_1834.jpg,Idle
1835,Train_1835.jpg,Idle
1836,Train_1836.jpg,Idle
1837,Train_1837.jpg,Idle
1838,Train_1838.jpg,Idle
1839,Train_1839.jpg,Idle
1840,Train_1840.jpg,Idle
1841,Train_1841.jpg,Idle
1842,Train_1842.jpg,Idle
1843,Train_1843.jpg,Idle
1844,Train_1844.jpg,Idle
1845,Train_1845.jpg,Idle
1846,Train_1846.jpg,Idle
1847,Train_1847.jpg,Idle
1848,Train_1848.jpg,Idle
1849,Train_1849.jpg,Idle
1850,Train_1850.jpg,Idle
1851,Train_1851.jpg,Idle
1852,Train_1852.jpg,Idle
1853,Train_1853.jpg,Idle
1854,Train_1854.jpg,Idle
1855,Train_1855.jpg,Idle
1856,Train_1856.jpg,Idle
1857,Train_1857.jpg,Idle
1858,Train_1858.jpg,Idle
1859,Train_1859.jpg,Idle
1860,Train_1860.jpg,Idle
1861,Train_1861.jpg,Idle
1862,Train_1862.jpg,Idle
1863,Train_1863.jpg,Idle
1864,Train_1864.jpg,Idle
1865,Train_1865.jpg,Idle
1866,Train_1866.jpg,Idle
1867,Train_1867.jpg,Idle
1868,Train_1868.jpg,Idle
1869,Train_1869.jpg,Idle
1870,Train_1870.jpg,Idle
1871,Train_1871.jpg,Idle
1872,Train_1872.jpg,Idle
1873,Train_1873.jpg,Idle
1874,Train_1874.jpg,Idle
1875,Train_1875.jpg,Idle
1876,Train_1876.jpg,Idle
1877,Train_1877.jpg,Idle
1878,Train_1878.jpg,Idle
1879,Train_1879.jpg,Idle
1880,Train_1880.jpg,Idle
1881,Train_1881.jpg,Idle
1882,Train_1882.jpg,Idle
1883,Train_1883.jpg,Idle
1884,Train_1884.jpg,Idle
1885,Train_1885.jpg,Idle
1886,Train_1886.jpg,Idle
1887,Train_1887.jpg,Idle
1888,Train_1888.jpg,Idle
1889,Train_1889.jpg,Idle
1890,Train_1890.jpg,Idle
1891,Train_1891.jpg,Idle
1892,Train_1892.jpg,Idle
1893,Train_1893.jpg,Idle
1894,Train_1894.jpg,Idle
1895,Train_1895.jpg,Idle
1896,Train_1896.jpg,Idle
1897,Train_1897.jpg,Idle
1898,Train_1898.jpg,Idle
1899,Train_1899.jpg,Idle
1900,Train_1900.jpg,Idle
1901,Train_1901.jpg,Idle
1902,Train_1902.jpg,Idle
1903,Train_1903.jpg,Idle
1904,Train_1904.jpg,Idle
1905,Train_1905.jpg,Idle
1906,Train_1906.jpg,Idle
1907,Train_1907.jpg,Idle
1908,Train_1908.jpg,Idle
1909,Train_1909.jpg,Idle
1910,Train_1910.jpg,Idle
1911,Train_1911.jpg,Idle
1912,Train_1912.jpg,Idle
1913,Train_1913.jpg,Idle
1914,Train_1914.jpg,Idle
1915,Train_1915.jpg,Idle
1916,Train_1916.jpg,Idle
1917,Train_1917.jpg,Idle
1918,Train_1918.jpg,Idle
1919,Train_1919.jpg,Idle
1920,Train_1920.jpg,Idle
1921,Train_1921.jpg,Idle
1922,Train_1922.jpg,Idle
1923,Train_1923.jpg,Idle
1924,Train_1924.jpg,Idle
1925,Train_1925.jpg,Idle
1926,Train_1926.jpg,Idle
1927,Train_1927.jpg,Idle
1928,Train_1928.jpg,Idle
1929,Train_1929.jpg,Idle
1930,Train_1930.jpg,Idle
1931,Train_1931.jpg,Idle
1932,Train_1932.jpg,Idle
1933,Train_1933.jpg,Idle
1934,Train_1934.jpg,Idle
1935,Train_1935.jpg,Idle
1936,Train_1936.jpg,Idle
1937,Train_1937.jpg,Idle
1938,Train_1938.jpg,Idle
1939,Train_1939.jpg,Idle
1940,Train_1940.jpg,Idle
1941,Train_1941.jpg,Idle
1942,Train_1942.jpg,Idle
1943,Train_1943.jpg,Idle
1944,Train_1944.jpg,Idle
1945,Train_1945.jpg,Idle
1946,Train_1946.jpg,Idle
1947,Train_1947.jpg,Idle
1948,Train_1948.jpg,Idle
1949,Train_1949.jpg,Idle
1950,Train_1950.jpg,Idle
1951,Train_1951.jpg,Idle
1952,Train_1952.jpg,Idle
1953,Train_1953.jpg,Idle
1954,Train_1954.jpg,Idle
1955,Train_1955.jpg,Idle
1956,Train_1956.jpg,Idle
1957,Train_1957.jpg,Idle
1958,Train_1958.jpg,Idle
1959,Train_1959.jpg,Idle
1960,Train_1960.jpg,Idle
1961,Train_1961.jpg,Idle
1962,Train_1962.jpg,Idle
1963,Train_1963.jpg,Idle
1964,Train_1964.jpg,Idle
1965,Train_1965.jpg,Idle
1966,Train_1966.jpg,Idle
1967,Train_1967.jpg,Idle
1968,Train_1968.jpg,Idle
1969,Train_1969.jpg,Idle
1970,Train_1970.jpg,Idle
1971,Train_1971.jpg,Idle
1972,Train_1972.jpg,Idle
1973,Train_1973.jpg,Idle
1974,Train_1974.jpg,Idle
1975,Train_1975.jpg,Idle
1976,Train_1976.jpg,Idle
1977,Train_1977.jpg,Idle
1978,Train_1978.jpg,Idle
1979,Train_1979.jpg,Idle
1980,Train_1980.jpg,Idle
1981,Train_1981.jpg,Idle
1982,Train_1982.jpg,Idle
1983,Train_1983.jpg,Idle
1984,Train_1984.jpg,Idle
1985,Train_1985.jpg,Idle
1986,Train_1986.jpg,Idle
1987,Train_1987.jpg,Idle
1988,Train_1988.jpg,Idle
1989,Train_1989.jpg,Idle
1990,Train_1990.jpg,Idle
1991,Train_1991.jpg,Idle
1992,Train_1992.jpg,Idle
1993,Train_1993.jpg,Idle
1994,Train_1994.jpg,Idle
1995,Train_1995.jpg,Idle
1996,Train_1996.jpg,Idle
1997,Train_1997.jpg,Idle
1998,Train_1998.jpg,Idle
1999,Train_1999.jpg,Idle
2000,Train_2000.jpg,Idle
2001,Train_2001.jpg,Idle
2002,Train_2002.jpg,Idle
2003,Train_2003.jpg,Idle
2004,Train_2004.jpg,Idle
2005,Train_2005.jpg,Idle
2006,Train_2006.jpg,Idle
2007,Train_2007.jpg,Idle
2008,Train_2008.jpg,Idle
2009,Train_2009.jpg,Idle
2010,Train_2010.jpg,Idle
2011,Train_2011.jpg,Idle
2012,Train_2012.jpg,Idle
2013,Train_2013.jpg,Idle
2014,Train_2014.jpg,Idle
2015,Train_2015.jpg,Idle
2016,Train_2016.jpg,Idle
2017,Train_2017.jpg,Idle
2018,Train_2018.jpg,Idle
2019,Train_2019.jpg,Idle
2020,Train_2020.jpg,Idle
2021,Train_2021.jpg,Idle
2022,Train_2022.jpg,Idle
2023,Train_2023.jpg,Idle
2024,Train_2024.jpg,Idle
2025,Train_2025.jpg,Idle
2026,Train_2026.jpg,Idle
2027,Train_2027.jpg,Idle
2028,Train_2028.jpg,Idle
2029,Train_2029.jpg,Idle
2030,Train_2030.jpg,Idle
2031,Train_2031.jpg,Idle
2032,Train_2032.jpg,Idle
2033,Train_2033.jpg,Idle
2034,Train_2034.jpg,Idle
2035,Train_2035.jpg,Idle
2036,Train_2036.jpg,Idle
2037,Train_2037.jpg,Idle
2038,Train_2038.jpg,Idle
2039,Train_2039.jpg,Idle
2040,Train_2040.jpg,Idle
2041,Train_2041.jpg,Idle
2042,Train_2042.jpg,Idle
2043,Train_2043.jpg,Idle
2044,Train_2044.jpg,Idle
2045,Train_2045.jpg,Idle
2046,Train_2046.jpg,Idle
2047,Train_2047.jpg,Idle
2048,Train_2048.jpg,Idle
2049,Train_2049.jpg,Idle
2050,Train_2050.jpg,Idle
2051,Train_2051.jpg,Idle
2052,Train_2052.jpg,Idle
2053,Train_2053.jpg,Idle
2054,Train_2054.jpg,Idle
2055,Train_2055.jpg,Idle
2056,Train_2056.jpg,Idle
2057,Train_2057.jpg,Idle
2058,Train_2058.jpg,Idle
2059,Train_2059.jpg,Idle
2060,Train_2060.jpg,Idle
2061,Train_2061.jpg,Idle
2062,Train_2062.jpg,Idle
2063,Train_2063.jpg,Idle
2064,Train_2064.jpg,Idle
2065,Train_2065.jpg,Idle
2066,Train_2066.jpg,Idle
2067,Train_2067.jpg,Idle
2068,Train_2068.jpg,Idle
2069,Train_2069.jpg,Idle
2070,Train_2070.jpg,Idle
2071,Train_2071.jpg,Idle
2072,Train_2072.jpg,Idle
2073,Train_2073.jpg,Idle
2074,Train_2074.jpg,Idle
2075,Train_2075.jpg,Idle
2076,Train_2076.jpg,Idle
2077,Train_2077.jpg,Idle
2078,Train_2078.jpg,Idle
2079,Train_2079.jpg,Idle
2080,Train_2080.jpg,Idle
2081,Train_2081.jpg,Idle
2082,Train_2082.jpg,Idle
2083,Train_2083.jpg,Idle
2084,Train_2084.jpg,Idle
2085,Train_2085.jpg,Idle
2086,Train_2086.jpg,Idle
2087,Train_2087.jpg,Idle
2088,Train_2088.jpg,Idle
2089,Train_2089.jpg,Idle
2090,Train_2090.jpg,Idle
2091,Train_2091.jpg,Idle
2092,Train_2092.jpg,Idle
2093,Train_2093.jpg,Idle
2094,Train_2094.jpg,Idle
2095,Train_2095.jpg,Idle
2096,Train_2096.jpg,Idle
2097,Train_2097.jpg,Idle
2098,Train_2098.jpg,Idle
2099,Train_2099.jpg,Idle
2100,Train_2100.jpg,Idle
2101,Train_2101.jpg,Idle
2102,Train_2102.jpg,Idle
2103,Train_2103.jpg,Idle
2104,Train_2104.jpg,Idle
2105,Train_2105.jpg,Idle
2106,Train_2106.jpg,Idle
2107,Train_2107.jpg,Idle
2108,Train_2108.jpg,Idle
2109,Train_2109.jpg,Idle
2110,Train_2110.jpg,Idle
2111,Train_2111.jpg,Idle
2112,Train_2112.jpg,Idle
2113,Train_2113.jpg,Idle
2114,Train_2114.jpg,Idle
2115,Train_2115.jpg,Idle
2116,Train_2116.jpg,Idle
2117,Train_2117.jpg,Idle
2118,Train_2118.jpg,Idle
2119,Train_2119.jpg,Idle
2120,Train_2120.jpg,Idle
2121,Train_2121.jpg,Idle
2122,Train_2122.jpg,Idle
2123,Train_2123.jpg,Idle
2124,Train_2124.jpg,Idle
2125,Train_2125.jpg,Idle
2126,Train_2126.jpg,Idle
2127,Train_2127.jpg,Idle
2128,Train_2128.jpg,Idle
2129,Train_2129.jpg,Idle
2130,Train_2130.jpg,Idle
2131,Train_2131.jpg,Idle
2132,Train_2132.jpg,Idle
2133,Train_2133.jpg,Idle
2134,Train_2134.jpg,Idle
2135,Train_2135.jpg,Idle
2136,Train_2136.jpg,Idle
2137,Train_2137.jpg,Idle
2138,Train_2138.jpg,Idle
2139,Train_2139.jpg,Idle
2140,Train_2140.jpg,Idle
2141,Train_2141.jpg,Idle
2142,Train_2142.jpg,Idle
2143,Train_2143.jpg,Idle
2144,Train_2144.jpg,Idle
2145,Train_2145.jpg,Idle
2146,Train_2146.jpg,Idle
2147,Train_2147.jpg,Idle
2148,Train_2148.jpg,Idle
2149,Train_2149.jpg,Idle
2150,Train_2150.jpg,Idle
2151,Train_2151.jpg,Idle
2152,Train_2152.jpg,Idle
2153,Train_2153.jpg,Idle
2154,Train_2154.jpg,Idle
2155,Train_2155.jpg,Idle
2156,Train_2156.jpg,Idle
2157,Train_2157.jpg,Idle
2158,Train_2158.jpg,Idle
2159,Train_2159.jpg,Idle
2160,Train_2160.jpg,Idle
2161,Train_2161.jpg,Idle
2162,Train_2162.jpg,Idle
2163,Train_2163.jpg,Idle
2164,Train_2164.jpg,Idle
2165,Train_2165.jpg,Idle
2166,Train_2166.jpg,Idle
2167,Train_2167.jpg,Idle
2168,Train_2168.jpg,Idle
2169,Train_2169.jpg,Idle
2170,Train_2170.jpg,Idle
2171,Train_2171.jpg,Idle
2172,Train_2172.jpg,Idle
2173,Train_2173.jpg,Idle
2174,Train_2174.jpg,Idle
2175,Train_2175.jpg,Idle
2176,Train_2176.jpg,Idle
2177,Train_2177.jpg,Idle
2178,Train_2178.jpg,Idle
2179,Train_2179.jpg,Idle
2180,Train_2180.jpg,Idle
2181,Train_2181.jpg,Idle
2182,Train_2182.jpg,Idle
2183,Train_2183.jpg,Idle
2184,Train_2184.jpg,Idle
2185,Train_2185.jpg,Idle
2186,Train_2186.jpg,Idle
2187,Train_2187.jpg,Idle
2188,Train_2188.jpg,Idle
2189,Train_2189.jpg,Idle
2190,Train_2190.jpg,Idle
2191,Train_2191.jpg,Idle
2192,Train_2192.jpg,Idle
2193,Train_2193.jpg,Idle
2194,Train_2194.jpg,Idle
2195,Train_2195.jpg,Idle
2196,Train_2196.jpg,Idle
2197,Train_2197.jpg,Idle
2198,Train_2198.jpg,Idle
2199,Train_2199.jpg,Idle
2200,Train_2200.jpg,Idle
2201,Train_2201.jpg,Idle
2202,Train_2202.jpg,Idle
2203,Train_2203.jpg,Idle
2204,Train_2204.jpg,Idle
2205,Train_2205.jpg,Idle
2206,Train_2206.jpg,Idle
2207,Train_2207.jpg,Idle
2208,Train_2208.jpg,Idle
2209,Train_2209.jpg,Idle
2210,Train_2210.jpg,Idle
2211,Train_2211.jpg,Idle
2212,Train_2212.jpg,Idle
2213,Train_2213.jpg,Idle
2214,Train_2214.jpg,Idle
2215,Train_2215.jpg,Idle
2216,Train_2216.jpg,Idle
2217,Train_2217.jpg,Idle
2218,Train_2218.jpg,Idle
2219,Train_2219.jpg,Idle
2220,Train_2220.jpg,Idle
2221,Train_2221.jpg,Idle
2222,Train_2222.jpg,Idle
2223,Train_2223.jpg,Idle
2224,Train_2224.jpg,Idle
2225,Train_2225.jpg,Idle
2226,Train_2226.jpg,Idle
2227,Train_2227.jpg,Idle
2228,Train_2228.jpg,Idle
2229,Train_2229.jpg,Idle
2230,Train_2230.jpg,Idle
2231,Train_2231.jpg,Idle
2232,Train_2232.jpg,Idle
2233,Train_2233.jpg,Idle
2234,Train_2234.jpg,Idle
2235,Train_2235.jpg,Idle
2236,Train_2236.jpg,Idle
2237,Train_2237.jpg,Idle
2238,Train_2238.jpg,Idle
2239,Train_2239.jpg,Idle
2240,Train_2240.jpg,Idle
2241,Train_2241.jpg,Idle
2242,Train_2242.jpg,Idle
2243,Train_2243.jpg,Idle
2244,Train_2244.jpg,Idle
2245,Train_2245.jpg,Idle
2246,Train_2246.jpg,Idle
2247,Train_2247.jpg,Idle
2248,Train_2248.jpg,Idle
2249,Train_2249.jpg,Idle
2250,Train_2250.jpg,Idle
2251,Train_2251.jpg,Idle
2252,Train_2252.jpg,Idle
2253,Train_2253.jpg,Idle
2254,Train_2254.jpg,Idle
2255,Train_2255.jpg,Idle
2256,Train_2256.jpg,Idle
2257,Train_2257.jpg,Idle
2258,Train_2258.jpg,Idle
2259,Train_2259.jpg,Idle
2260,Train_2260.jpg,Idle
2261,Train_2261.jpg,Idle
2262,Train_2262.jpg,Idle
2263,Train_2263.jpg,Idle
2264,Train_2264.jpg,Idle
2265,Train_2265.jpg,Idle
2266,Train_2266.jpg,Idle
2267,Train_2267.jpg,Idle
2268,Train_2268.jpg,Idle
2269,Train_2269.jpg,Idle
2270,Train_2270.jpg,Idle
2271,Train_2271.jpg,Idle
2272,Train_2272.jpg,Idle
2273,Train_2273.jpg,Idle
2274,Train_2274.jpg,Idle
2275,Train_2275.jpg,Idle
2276,Train_2276.jpg,Idle
2277,Train_2277.jpg,Idle
2278,Train_2278.jpg,Idle
2279,Train_2279.jpg,Idle
2280,Train_2280.jpg,Idle
2281,Train_2281.jpg,Idle
2282,Train_2282.jpg,Idle
2283,Train_2283.jpg,Idle
2284,Train_2284.jpg,Idle
2285,Train_2285.jpg,Idle
2286,Train_2286.jpg,Idle
2287,Train_2287.jpg,Idle
2288,Train_2288.jpg,Idle
2289,Train_2289.jpg,Idle
2290,Train_2290.jpg,Idle
2291,Train_2291.jpg,Idle
2292,Train_2292.jpg,Idle
2293,Train_2293.jpg,Idle
2294,Train_2294.jpg,Idle
2295,Train_2295.jpg,Idle
2296,Train_2296.jpg,Idle
2297,Train_2297.jpg,Idle
2298,Train_2298.jpg,Idle
2299,Train_2299.jpg,Idle
2300,Train_2300.jpg,Idle
2301,Train_2301.jpg,Idle
2302,Train_2302.jpg,Idle
2303,Train_2303.jpg,Idle
2304,Train_2304.jpg,Idle
2305,Train_2305.jpg,Idle
2306,Train_2306.jpg,Idle
2307,Train_2307.jpg,Idle
2308,Train_2308.jpg,Idle
2309,Train_2309.jpg,Idle
2310,Train_2310.jpg,Idle
2311,Train_2311.jpg,Idle
2312,Train_2312.jpg,Idle
2313,Train_2313.jpg,Idle
2314,Train_2314.jpg,Idle
2315,Train_2315.jpg,Idle
2316,Train_2316.jpg,Idle
2317,Train_2317.jpg,Idle
2318,Train_2318.jpg,Idle
2319,Train_2319.jpg,Idle
2320,Train_2320.jpg,Idle
2321,Train_2321.jpg,Idle
2322,Train_2322.jpg,Idle
2323,Train_2323.jpg,Idle
2324,Train_2324.jpg,Idle
2325,Train_2325.jpg,Idle
2326,Train_2326.jpg,Idle
2327,Train_2327.jpg,Idle
2328,Train_2328.jpg,Idle
2329,Train_2329.jpg,Idle
2330,Train_2330.jpg,Idle
2331,Train_2331.jpg,Idle
2332,Train_2332.jpg,Idle
2333,Train_2333.jpg,Idle
2334,Train_2334.jpg,Idle
2335,Train_2335.jpg,Idle
2336,Train_2336.jpg,Idle
2337,Train_2337.jpg,Idle
2338,Train_2338.jpg,Idle
2339,Train_2339.jpg,Idle
2340,Train_2340.jpg,Idle
2341,Train_2341.jpg,Idle
2342,Train_2342.jpg,Idle
2343,Train_2343.jpg,Idle
2344,Train_2344.jpg,Idle
2345,Train_2345.jpg,Idle
2346,Train_2346.jpg,Idle
2347,Train_2347.jpg,Idle
2348,Train_2348.jpg,Idle
2349,Train_2349.jpg,Idle
2350,Train_2350.jpg,Idle
2351,Train_2351.jpg,Idle
2352,Train_2352.jpg,Idle
2353,Train_2353.jpg,Idle
2354,Train_2354.jpg,Idle
2355,Train_2355.jpg,Idle
2356,Train_2356.jpg,Idle
2357,Train_2357.jpg,Idle
2358,Train_2358.jpg,Idle
2359,Train_2359.jpg,Idle
2360,Train_2360.jpg,Idle
2361,Train_2361.jpg,Idle
2362,Train_2362.jpg,Idle
2363,Train_2363.jpg,Idle
2364,Train_2364.jpg,Idle
2365,Train_2365.jpg,Idle
2366,Train_2366.jpg,Idle
2367,Train_2367.jpg,Idle
2368,Train_2368.jpg,Idle
2369,Train_2369.jpg,Idle
2370,Train_2370.jpg,Idle
2371,Train_2371.jpg,Idle
2372,Train_2372.jpg,Idle
2373,Train_2373.jpg,Idle
2374,Train_2374.jpg,Idle
2375,Train_2375.jpg,Idle
2376,Train_2376.jpg,Idle
2377,Train_2377.jpg,Idle
2378,Train_2378.jpg,Idle
2379,Train_2379.jpg,Idle
2380,Train_2380.jpg,Idle
2381,Train_2381.jpg,Idle
2382,Train_2382.jpg,Idle
2383,Train_2383.jpg,Idle
2384,Train_2384.jpg,Idle
2385,Train_2385.jpg,Idle
2386,Train_2386.jpg,Idle
2387,Train_2387.jpg,Idle
2388,Train_2388.jpg,Idle
2389,Train_2389.jpg,Idle
2390,Train_2390.jpg,Idle
2391,Train_2391.jpg,Idle
2392,Train_2392.jpg,Idle
2393,Train_2393.jpg,Idle
2394,Train_2394.jpg,Idle
2395,Train_2395.jpg,Idle
2396,Train_2396.jpg,Idle
2397,Train_2397.jpg,Idle
2398,Train_2398.jpg,Idle
2399,Train_2399.jpg,Idle
2400,Train_2400.jpg,Idle
2401,Train_2401.jpg,Idle
2402,Train_2402.jpg,Idle
2403,Train_2403.jpg,Idle
2404,Train_2404.jpg,Idle
2405,Train_2405.jpg,Idle
2406,Train_2406.jpg,Idle
2407,Train_2407.jpg,Idle
2408,Train_2408.jpg,Idle
2409,Train_2409.jpg,Idle
2410,Train_2410.jpg,Idle
2411,Train_2411.jpg,Idle
2412,Train_2412.jpg,Idle
2413,Train_2413.jpg,Idle
2414,Train_2414.jpg,Idle
2415,Train_2415.jpg,Idle
2416,Train_2416.jpg,Idle
2417,Train_2417.jpg,Idle
2418,Train_2418.jpg,Idle
2419,Train_2419.jpg,Idle
2420,Train_2420.jpg,Idle
2421,Train_2421.jpg,Idle
2422,Train_2422.jpg,Idle
2423,Train_2423.jpg,Idle
2424,Train_2424.jpg,Idle
2425,Train_2425.jpg,Idle
2426,Train_2426.jpg,Idle
2427,Train_2427.jpg,Idle
2428,Train_2428.jpg,Idle
2429,Train_2429.jpg,Idle
2430,Train_2430.jpg,Idle
2431,Train_2431.jpg,Idle
2432,Train_2432.jpg,Idle
2433,Train_2433.jpg,Idle
2434,Train_2434.jpg,Idle
2435,Train_2435.jpg,Idle
2436,Train_2436.jpg,Idle
2437,Train_2437.jpg,Idle
2438,Train_2438.jpg,Idle
2439,Train_2439.jpg,Idle
2440,Train_2440.jpg,Idle
2441,Train_2441.jpg,Idle
2442,Train_2442.jpg,Idle
2443,Train_2443.jpg,Idle
2444,Train_2444.jpg,Idle
2445,Train_2445.jpg,Idle
2446,Train_2446.jpg,Idle
2447,Train_2447.jpg,Idle
2448,Train_2448.jpg,Idle
2449,Train_2449.jpg,Idle
2450,Train_2450.jpg,Idle
2451,Train_2451.jpg,Idle
2452,Train_2452.jpg,Idle
2453,Train_2453.jpg,Idle
2454,Train_2454.jpg,Idle
2455,Train_2455.jpg,Idle
2456,Train_2456.jpg,Idle
2457,Train_2457.jpg,Idle
2458,Train_2458.jpg,Idle
2459,Train_2459.jpg,Idle
2460,Train_2460.jpg,Idle
2461,Train_2461.jpg,Idle
2462,Train_2462.jpg,Idle
2463,Train_2463.jpg,Idle
2464,Train_2464.jpg,Idle
2465,Train_2465.jpg,Idle
2466,Train_2466.jpg,Idle
2467,Train_2467.jpg,Idle
2468,Train_2468.jpg,Idle
2469,Train_2469.jpg,Idle
2470,Train_2470.jpg,Idle
2471,Train_2471.jpg,Idle
2472,Train_2472.jpg,Idle
2473,Train_2473.jpg,Idle
2474,Train_2474.jpg,Idle
2475,Train_2475.jpg,Idle
2476,Train_2476.jpg,Idle
2477,Train_2477.jpg,Idle
2478,Train_2478.jpg,Idle
2479,Train_2479.jpg,Idle
2480,Train_2480.jpg,Idle
2481,Train_2481.jpg,Idle
2482,Train_2482.jpg,Idle
2483,Train_2483.jpg,Idle
2484,Train_2484.jpg,Idle
2485,Train_2485.jpg,Idle
2486,Train_2486.jpg,Idle
2487,Train_2487.jpg,Idle
2488,Train_2488.jpg,Idle
2489,Train_2489.jpg,Idle
2490,Train_2490.jpg,Idle
2491,Train_2491.jpg,Idle
2492,Train_2492.jpg,Idle
2493,Train_2493.jpg,Idle
2494,Train_2494.jpg,Idle
2495,Train_2495.jpg,Idle
2496,Train_2496.jpg,Idle
2497,Train_2497.jpg,Idle
2498,Train_2498.jpg,Idle
2499,Train_2499.jpg,Idle
2500,Train_2500.jpg,Idle
2501,Train_2501.jpg,Idle
2502,Train_2502.jpg,Idle
2503,Train_2503.jpg,Idle
2504,Train_2504.jpg,Idle
2505,Train_2505.jpg,Idle
2506,Train_2506.jpg,Idle
2507,Train_2507.jpg,Idle
2508,Train_2508.jpg,Idle
2509,Train_2509.jpg,Idle
2510,Train_2510.jpg,Idle
2511,Train_2511.jpg,Idle
2512,Train_2512.jpg,Idle
2513,Train_2513.jpg,Idle
2514,Train_2514.jpg,Idle
2515,Train_2515.jpg,Idle
2516,Train_2516.jpg,Idle
2517,Train_2517.jpg,Idle
2518,Train_2518.jpg,Idle
2519,Train_2519.jpg,Idle
2520,Train_2520.jpg,Idle
2521,Train_2521.jpg,Idle
2522,Train_2522.jpg,Idle
2523,Train_2523.jpg,Idle
2524,Train_2524.jpg,Idle
2525,Train_2525.jpg,Idle
2526,Train_2526.jpg,Idle
2527,Train_2527.jpg,Idle
2528,Train_2528.jpg,Idle
2529,Train_2529.jpg,Idle
2530,Train_2530.jpg,Idle
2531,Train_2531.jpg,Idle
2532,Train_2532.jpg,Idle
2533,Train_2533.jpg,Idle
2534,Train_2534.jpg,Idle
2535,Train_2535.jpg,Idle
2536,Train_2536.jpg,Idle
2537,Train_2537.jpg,Idle
2538,Train_2538.jpg,Idle
2539,Train_2539.jpg,Idle
2540,Train_2540.jpg,Idle
2541,Train_2541.jpg,Idle
2542,Train_2542.jpg,Idle
2543,Train_2543.jpg,Idle
2544,Train_2544.jpg,Idle
2545,Train_2545.jpg,Idle
2546,Train_2546.jpg,Idle
2547,Train_2547.jpg,Idle
2548,Train_2548.jpg,Idle
2549,Train_2549.jpg,Idle
2550,Train_2550.jpg,Idle
2551,Train_2551.jpg,Idle
2552,Train_2552.jpg,Idle
2553,Train_2553.jpg,Idle
2554,Train_2554.jpg,Idle
2555,Train_2555.jpg,Idle
2556,Train_2556.jpg,Idle
2557,Train_2557.jpg,Idle
2558,Train_2558.jpg,Idle
2559,Train_2559.jpg,Idle
2560,Train_2560.jpg,Idle
2561,Train_2561.jpg,Idle
2562,Train_2562.jpg,Idle
2563,Train_2563.jpg,Idle
2564,Train_2564.jpg,Idle
2565,Train_2565.jpg,Idle
2566,Train_2566.jpg,Idle
2567,Train_2567.jpg,Idle
2568,Train_2568.jpg,Idle
2569,Train_2569.jpg,Idle
2570,Train_2570.jpg,Idle
2571,Train_2571.jpg,Idle
2572,Train_2572.jpg,Idle
2573,Train_2573.jpg,Idle
2574,Train_2574.jpg,Idle
2575,Train_2575.jpg,Idle
2576,Train_2576.jpg,Idle
2577,Train_2577.jpg,Idle
2578,Train_2578.jpg,Idle
2579,Train_2579.jpg,Idle
2580,Train_2580.jpg,Idle
2581,Train_2581.jpg,Idle
2582,Train_2582.jpg,Idle
2583,Train_2583.jpg,Idle
2584,Train_2584.jpg,Idle
2585,Train_2585.jpg,Idle
2586,Train_2586.jpg,Idle
2587,Train_2587.jpg,Idle
2588,Train_2588.jpg,Idle
2589,Train_2589.jpg,Idle
2590,Train_2590.jpg,Idle
2591,Train_2591.jpg,Idle
2592,Train_2592.jpg,Idle
2593,Train_2593.jpg,Idle
2594,Train_2594.jpg,Idle
2595,Train_2595.jpg,Idle
2596,Train_2596.jpg,Idle
2597,Train_2597.jpg,Idle
2598,Train_2598.jpg,Idle
2599,Train_2599.jpg,Idle
2600,Train_2600.jpg,Idle
2601,Train_2601.jpg,Idle
2602,Train_2602.jpg,Idle
2603,Train_2603.jpg,Idle
2604,Train_2604.jpg,Idle
2605,Train_2605.jpg,Idle
2606,Train_2606.jpg,Idle
2607,Train_2607.jpg,Idle
2608,Train_2608.jpg,Idle
2609,Train_2609.jpg,Idle
2610,Train_2610.jpg,Idle
2611,Train_2611.jpg,Idle
2612,Train_2612.jpg,Idle
2613,Train_2613.jpg,Idle
2614,Train_2614.jpg,Idle
2615,Train_2615.jpg,Idle
2616,Train_2616.jpg,Idle
2617,Train_2617.jpg,Idle
2618,Train_2618.jpg,Idle
2619,Train_2619.jpg,Idle
2620,Train_2620.jpg,Idle
2621,Train_2621.jpg,Idle
2622,Train_2622.jpg,Idle
2623,Train_2623.jpg,Idle
2624,Train_2624.jpg,Idle
2625,Train_2625.jpg,Idle
2626,Train_2626.jpg,Idle
2627,Train_2627.jpg,Idle
2628,Train_2628.jpg,Idle
2629,Train_2629.jpg,Idle
2630,Train_2630.jpg,Idle
2631,Train_2631.jpg,Idle
2632,Train_2632.jpg,Idle
2633,Train_2633.jpg,Idle
2634,Train_2634.jpg,Idle
2635,Train_2635.jpg,Idle
2636,Train_2636.jpg,Idle
2637,Train_2637.jpg,Idle
2638,Train_2638.jpg,Idle
2639,Train_2639.jpg,Idle
2640,Train_2640.jpg,Idle
2641,Train_2641.jpg,Idle
2642,Train_2642.jpg,Idle
2643,Train_2643.jpg,Idle
2644,Train_2644.jpg,Idle
2645,Train_2645.jpg,Idle
2646,Train_2646.jpg,Idle
2647,Train_2647.jpg,Idle
2648,Train_2648.jpg,Idle
2649,Train_2649.jpg,Idle
2650,Train_2650.jpg,Idle
2651,Train_2651.jpg,Idle
2652,Train_2652.jpg,Idle
2653,Train_2653.jpg,Idle
2654,Train_2654.jpg,Idle
2655,Train_2655.jpg,Idle
2656,Train_2656.jpg,Idle
2657,Train_2657.jpg,Idle
2658,Train_2658.jpg,Idle
2659,Train_2659.jpg,Idle
2660,Train_2660.jpg,Idle
2661,Train_2661.jpg,Idle
2662,Train_2662.jpg,Idle
2663,Train_2663.jpg,Idle
2664,Train_2664.jpg,Idle
2665,Train_2665.jpg,Idle
2666,Train_2666.jpg,Idle
2667,Train_2667.jpg,Idle
2668,Train_2668.jpg,Idle
2669,Train_2669.jpg,Idle
2670,Train_2670.jpg,Idle
2671,Train_2671.jpg,Idle
2672,Train_2672.jpg,Idle
2673,Train_2673.jpg,Idle
2674,Train_2674.jpg,Idle
2675,Train_2675.jpg,Idle
2676,Train_2676.jpg,Idle
2677,Train_2677.jpg,Idle
2678,Train_2678.jpg,Idle
2679,Train_2679.jpg,Idle
2680,Train_2680.jpg,Idle
2681,Train_2681.jpg,Idle
2682,Train_2682.jpg,Idle
2683,Train_2683.jpg,Idle
2684,Train_2684.jpg,Idle
2685,Train_2685.jpg,Idle
2686,Train_2686.jpg,Idle
2687,Train_2687.jpg,Idle
2688,Train_2688.jpg,Idle
2689,Train_2689.jpg,Idle
2690,Train_2690.jpg,Idle
2691,Train_2691.jpg,Idle
2692,Train_2692.jpg,Idle
2693,Train_2693.jpg,Idle
2694,Train_2694.jpg,Idle
2695,Train_2695.jpg,Idle
2696,Train_2696.jpg,Idle
2697,Train_2697.jpg,Idle
2698,Train_2698.jpg,Idle
2699,Train_2699.jpg,Idle
2700,Train_2700.jpg,Idle
2701,Train_2701.jpg,Idle
2702,Train_2702.jpg,Idle
2703,Train_2703.jpg,Idle
2704,Train_2704.jpg,Idle
2705,Train_2705.jpg,Idle
2706,Train_2706.jpg,Idle
2707,Train_2707.jpg,Idle
2708,Train_2708.jpg,Idle
2709,Train_2709.jpg,Idle
2710,Train_2710.jpg,Idle
2711,Train_2711.jpg,Idle
2712,Train_2712.jpg,Idle
2713,Train_2713.jpg,Idle
2714,Train_2714.jpg,Idle
2715,Train_2715.jpg,Idle
2716,Train_2716.jpg,Idle
2717,Train_2717.jpg,Idle
2718,Train_2718.jpg,Idle
2719,Train_2719.jpg,Idle
2720,Train_2720.jpg,Idle
2721,Train_2721.jpg,Idle
2722,Train_2722.jpg,Idle
2723,Train_2723.jpg,Idle
2724,Train_2724.jpg,Idle
2725,Train_2725.jpg,Idle
2726,Train_2726.jpg,Idle
2727,Train_2727.jpg,Idle
2728,Train_2728.jpg,Idle
2729,Train_2729.jpg,Idle
2730,Train_2730.jpg,Idle
2731,Train_2731.jpg,Idle
2732,Train_2732.jpg,Idle
2733,Train_2733.jpg,Idle
2734,Train_2734.jpg,Idle
2735,Train_2735.jpg,Idle
2736,Train_2736.jpg,Idle
2737,Train_2737.jpg,Idle
2738,Train_2738.jpg,Idle
2739,Train_2739.jpg,Idle
2740,Train_2740.jpg,Idle
2741,Train_2741.jpg,Idle
2742,Train_2742.jpg,Idle
2743,Train_2743.jpg,Idle
2744,Train_2744.jpg,Idle
2745,Train_2745.jpg,Idle
2746,Train_2746.jpg,Idle
2747,Train_2747.jpg,Idle
2748,Train_2748.jpg,Idle
2749,Train_2749.jpg,Idle
2750,Train_2750.jpg,Idle
2751,Train_2751.jpg,Idle
2752,Train_2752.jpg,Idle
2753,Train_2753.jpg,Idle
2754,Train_2754.jpg,Idle
2755,Train_2755.jpg,Idle
2756,Train_2756.jpg,Idle
2757,Train_2757.jpg,Idle
2758,Train_2758.jpg,Idle
2759,Train_2759.jpg,Idle
2760,Train_2760.jpg,Idle
2761,Train_2761.jpg,Idle
2762,Train_2762.jpg,Idle
2763,Train_2763.jpg,Idle
2764,Train_2764.jpg,Idle
2765,Train_2765.jpg,Idle
2766,Train_2766.jpg,Idle
2767,Train_2767.jpg,Idle
2768,Train_2768.jpg,Idle
2769,Train_2769.jpg,Idle
2770,Train_2770.jpg,Idle
2771,Train_2771.jpg,Idle
2772,Train_2772.jpg,Idle
2773,Train_2773.jpg,Idle
2774,Train_2774.jpg,Idle
2775,Train_2775.jpg,Idle
2776,Train_2776.jpg,Idle
2777,Train_2777.jpg,Idle
2778,Train_2778.jpg,Idle
2779,Train_2779.jpg,Idle
2780,Train_2780.jpg,Idle
2781,Train_2781.jpg,Idle
2782,Train_2782.jpg,Idle
2783,Train_2783.jpg,Idle
2784,Train_2784.jpg,Idle
2785,Train_2785.jpg,Idle
2786,Train_2786.jpg,Idle
2787,Train_2787.jpg,Idle
2788,Train_2788.jpg,Idle
2789,Train_2789.jpg,Idle
2790,Train_2790.jpg,Idle
2791,Train_2791.jpg,Idle
2792,Train_2792.jpg,Idle
2793,Train_2793.jpg,Idle
2794,Train_2794.jpg,Idle
2795,Train_2795.jpg,Idle
2796,Train_2796.jpg,Idle
2797,Train_2797.jpg,Idle
2798,Train_2798.jpg,Idle
2799,Train_2799.jpg,Idle
2800,Train_2800.jpg,Idle
2801,Train_2801.jpg,Idle
2802,Train_2802.jpg,Idle
2803,Train_2803.jpg,Idle
2804,Train_2804.jpg,Idle
2805,Train_2805.jpg,Idle
2806,Train_2806.jpg,Idle
2807,Train_2807.jpg,Idle
2808,Train_2808.jpg,Idle
2809,Train_2809.jpg,Idle
2810,Train_2810.jpg,Idle
2811,Train_2811.jpg,Idle
2812,Train_2812.jpg,Idle
2813,Train_2813.jpg,Idle
2814,Train_2814.jpg,Idle
2815,Train_2815.jpg,Idle
2816,Train_2816.jpg,Idle
2817,Train_2817.jpg,Idle
2818,Train_2818.jpg,Idle
2819,Train_2819.jpg,Idle
2820,Train_2820.jpg,Idle
2821,Train_2821.jpg,Idle
2822,Train_2822.jpg,Idle
2823,Train_2823.jpg,Idle
2824,Train_2824.jpg,Idle
2825,Train_2825.jpg,Idle
2826,Train_2826.jpg,Idle
2827,Train_2827.jpg,Idle
2828,Train_2828.jpg,Idle
2829,Train_2829.jpg,Idle
2830,Train_2830.jpg,Idle
2831,Train_2831.jpg,Idle
2832,Train_2832.jpg,Idle
2833,Train_2833.jpg,Idle
2834,Train_2834.jpg,Idle
2835,Train_2835.jpg,Idle
2836,Train_2836.jpg,Idle
2837,Train_2837.jpg,Idle
2838,Train_2838.jpg,Idle
2839,Train_2839.jpg,Idle
2840,Train_2840.jpg,Idle
2841,Train_2841.jpg,Idle
2842,Train_2842.jpg,Idle
2843,Train_2843.jpg,Idle
2844,Train_2844.jpg,Idle
2845,Train_2845.jpg,Idle
2846,Train_2846.jpg,Idle
2847,Train_2847.jpg,Idle
2848,Train_2848.jpg,Idle
2849,Train_2849.jpg,Idle
2850,Train_2850.jpg,Idle
2851,Train_2851.jpg,Idle
2852,Train_2852.jpg,Idle
2853,Train_2853.jpg,Idle
2854,Train_2854.jpg,Idle
2855,Train_2855.jpg,Idle
2856,Train_2856.jpg,Idle
2857,Train_2857.jpg,Idle
2858,Train_2858.jpg,Idle
2859,Train_2859.jpg,Idle
2860,Train_2860.jpg,Idle
2861,Train_2861.jpg,Idle
2862,Train_2862.jpg,Idle
2863,Train_2863.jpg,Idle
2864,Train_2864.jpg,Idle
2865,Train_2865.jpg,Idle
2866,Train_2866.jpg,Idle
2867,Train_2867.jpg,Idle
2868,Train_2868.jpg,Idle
2869,Train_2869.jpg,Idle
2870,Train_2870.jpg,Idle
2871,Train_2871.jpg,Idle
2872,Train_2872.jpg,Idle
2873,Train_2873.jpg,Idle
2874,Train_2874.jpg,Idle
2875,Train_2875.jpg,Idle
2876,Train_2876.jpg,Idle
2877,Train_2877.jpg,Idle
2878,Train_2878.jpg,Idle
2879,Train_2879.jpg,Idle
2880,Train_2880.jpg,Idle
2881,Train_2881.jpg,Idle
2882,Train_2882.jpg,Idle
2883,Train_2883.jpg,Idle
2884,Train_2884.jpg,Idle
2885,Train_2885.jpg,Idle
2886,Train_2886.jpg,Idle
2887,Train_2887.jpg,Idle
2888,Train_2888.jpg,Idle
2889,Train_2889.jpg,Idle
2890,Train_2890.jpg,Idle
2891,Train_2891.jpg,Idle
2892,Train_2892.jpg,Idle
2893,Train_2893.jpg,Idle
2894,Train_2894.jpg,Idle
2895,Train_2895.jpg,Idle
2896,Train_2896.jpg,Idle
2897,Train_2897.jpg,Idle
2898,Train_2898.jpg,Idle
2899,Train_2899.jpg,Idle
2900,Train_2900.jpg,Idle
2901,Train_2901.jpg,Idle
2902,Train_2902.jpg,Idle
2903,Train_2903.jpg,Idle
2904,Train_2904.jpg,Idle
2905,Train_2905.jpg,Idle
2906,Train_2906.jpg,Idle
2907,Train_2907.jpg,Idle
2908,Train_2908.jpg,Idle
2909,Train_2909.jpg,Idle
2910,Train_2910.jpg,Idle
2911,Train_2911.jpg,Idle
2912,Train_2912.jpg,Idle
2913,Train_2913.jpg,Idle
2914,Train_2914.jpg,Idle
2915,Train_2915.jpg,Idle
2916,Train_2916.jpg,Idle
2917,Train_2917.jpg,Idle
2918,Train_2918.jpg,Idle
2919,Train_2919.jpg,Idle
2920,Train_2920.jpg,Idle
2921,Train_2921.jpg,Idle
2922,Train_2922.jpg,Idle
2923,Train_2923.jpg,Idle
2924,Train_2924.jpg,Idle
2925,Train_2925.jpg,Idle
2926,Train_2926.jpg,Idle
2927,Train_2927.jpg,Idle
2928,Train_2928.jpg,Idle
2929,Train_2929.jpg,Idle
2930,Train_2930.jpg,Idle
2931,Train_2931.jpg,Idle
2932,Train_2932.jpg,Idle
2933,Train_2933.jpg,Idle
2934,Train_2934.jpg,Idle
2935,Train_2935.jpg,Idle
2936,Train_2936.jpg,Idle
2937,Train_2937.jpg,Idle
2938,Train_2938.jpg,Idle
2939,Train_2939.jpg,Idle
2940,Train_2940.jpg,Idle
2941,Train_2941.jpg,Idle
2942,Train_2942.jpg,Idle
2943,Train_2943.jpg,Idle
2944,Train_2944.jpg,Idle
2945,Train_2945.jpg,Idle
2946,Train_2946.jpg,Idle
2947,Train_2947.jpg,Idle
2948,Train_2948.jpg,Idle
2949,Train_2949.jpg,Idle
2950,Train_2950.jpg,Idle
2951,Train_2951.jpg,Idle
2952,Train_2952.jpg,Idle
2953,Train_2953.jpg,Idle
2954,Train_2954.jpg,Idle
2955,Train_2955.jpg,Idle
2956,Train_2956.jpg,Idle
2957,Train_2957.jpg,Idle
2958,Train_2958.jpg,Idle
2959,Train_2959.jpg,Idle
2960,Train_2960.jpg,Idle
2961,Train_2961.jpg,Idle
2962,Train_2962.jpg,Idle
2963,Train_2963.jpg,Idle
2964,Train_2964.jpg,Idle
2965,Train_2965.jpg,Idle
2966,Train_2966.jpg,Idle
2967,Train_2967.jpg,Idle
2968,Train_2968.jpg,Idle
2969,Train_2969.jpg,Idle
2970,Train_2970.jpg,Idle
2971,Train_2971.jpg,Idle
2972,Train_2972.jpg,Idle
2973,Train_2973.jpg,Idle
2974,Train_2974.jpg,Idle
2975,Train_2975.jpg,Idle
2976,Train_2976.jpg,Idle
2977,Train_2977.jpg,Idle
2978,Train_2978.jpg,Idle
2979,Train_2979.jpg,Idle
2980,Train_2980.jpg,Idle
2981,Train_2981.jpg,Idle
2982,Train_2982.jpg,Idle
2983,Train_2983.jpg,Idle
2984,Train_2984.jpg,Idle
2985,Train_2985.jpg,Idle
2986,Train_2986.jpg,Idle
2987,Train_2987.jpg,Idle
2988,Train_2988.jpg,Idle
2989,Train_2989.jpg,Idle
2990,Train_2990.jpg,Idle
2991,Train_2991.jpg,Idle
2992,Train_2992.jpg,Idle
2993,Train_2993.jpg,Idle
2994,Train_2994.jpg,Idle
2995,Train_2995.jpg,Idle
2996,Train_2996.jpg,Idle
2997,Train_2997.jpg,Idle
2998,Train_2998.jpg,Idle
2999,Train_2999.jpg,Idle
3000,Train_3000.jpg,Idle
3001,Train_3001.jpg,Idle
3002,Train_3002.jpg,Idle
3003,Train_3003.jpg,Idle
3004,Train_3004.jpg,Idle
3005,Train_3005.jpg,Idle
3006,Train_3006.jpg,Idle
3007,Train_3007.jpg,Idle
3008,Train_3008.jpg,Idle
3009,Train_3009.jpg,Idle
3010,Train_3010.jpg,Idle
3011,Train_3011.jpg,Idle
3012,Train_3012.jpg,Idle
3013,Train_3013.jpg,Idle
3014,Train_3014.jpg,Idle
3015,Train_3015.jpg,Idle
3016,Train_3016.jpg,Idle
3017,Train_3017.jpg,Idle
3018,Train_3018.jpg,Idle
3019,Train_3019.jpg,Idle
3020,Train_3020.jpg,Idle
3021,Train_3021.jpg,Idle
3022,Train_3022.jpg,Idle
3023,Train_3023.jpg,Idle
3024,Train_3024.jpg,Idle
3025,Train_3025.jpg,Idle
3026,Train_3026.jpg,Idle
3027,Train_3027.jpg,Idle
3028,Train_3028.jpg,Idle
3029,Train_3029.jpg,Idle
3030,Train_3030.jpg,Idle
3031,Train_3031.jpg,Idle
3032,Train_3032.jpg,Idle
3033,Train_3033.jpg,Idle
3034,Train_3034.jpg,Idle
3035,Train_3035.jpg,Idle
3036,Train_3036.jpg,Idle
3037,Train_3037.jpg,Idle
3038,Train_3038.jpg,Idle
3039,Train_3039.jpg,Idle
3040,Train_3040.jpg,Idle
3041,Train_3041.jpg,Idle
3042,Train_3042.jpg,Idle
3043,Train_3043.jpg,Idle
3044,Train_3044.jpg,Idle
3045,Train_3045.jpg,Idle
3046,Train_3046.jpg,Idle
3047,Train_3047.jpg,Idle
3048,Train_3048.jpg,Idle
3049,Train_3049.jpg,Idle
3050,Train_3050.jpg,Idle
3051,Train_3051.jpg,Idle
3052,Train_3052.jpg,Idle
3053,Train_3053.jpg,Idle
3054,Train_3054.jpg,Idle
3055,Train_3055.jpg,Idle
3056,Train_3056.jpg,Idle
3057,Train_3057.jpg,Idle
3058,Train_3058.jpg,Idle
3059,Train_3059.jpg,Idle
3060,Train_3060.jpg,Idle
3061,Train_3061.jpg,Idle
3062,Train_3062.jpg,Idle
3063,Train_3063.jpg,Idle
3064,Train_3064.jpg,Idle
3065,Train_3065.jpg,Idle
3066,Train_3066.jpg,Idle
3067,Train_3067.jpg,Idle
3068,Train_3068.jpg,Idle
3069,Train_3069.jpg,Idle
3070,Train_3070.jpg,Idle
3071,Train_3071.jpg,Idle
3072,Train_3072.jpg,Idle
3073,Train_3073.jpg,Idle
3074,Train_3074.jpg,Idle
3075,Train_3075.jpg,Idle
3076,Train_3076.jpg,Idle
3077,Train_3077.jpg,Idle
3078,Train_3078.jpg,Idle
3079,Train_3079.jpg,Idle
3080,Train_3080.jpg,Idle
3081,Train_3081.jpg,Idle
3082,Train_3082.jpg,Idle
3083,Train_3083.jpg,Idle
3084,Train_3084.jpg,Idle
3085,Train_3085.jpg,Idle
3086,Train_3086.jpg,Idle
3087,Train_3087.jpg,Idle
3088,Train_3088.jpg,Idle
3089,Train_3089.jpg,Idle
3090,Train_3090.jpg,Idle
3091,Train_3091.jpg,Idle
3092,Train_3092.jpg,Idle
3093,Train_3093.jpg,Idle
3094,Train_3094.jpg,Idle
3095,Train_3095.jpg,Idle
3096,Train_3096.jpg,Idle
3097,Train_3097.jpg,Idle
3098,Train_3098.jpg,Idle
3099,Train_3099.jpg,Idle
3100,Train_3100.jpg,Idle
3101,Train_3101.jpg,Idle
3102,Train_3102.jpg,Idle
3103,Train_3103.jpg,Idle
3104,Train_3104.jpg,Idle
3105,Train_3105.jpg,Idle
3106,Train_3106.jpg,Idle
3107,Train_3107.jpg,Idle
3108,Train_3108.jpg,Idle
3109,Train_3109.jpg,Idle
3110,Train_3110.jpg,Idle
3111,Train_3111.jpg,Idle
3112,Train_3112.jpg,Idle
3113,Train_3113.jpg,Idle
3114,Train_3114.jpg,Idle
3115,Train_3115.jpg,Idle
3116,Train_3116.jpg,Idle
3117,Train_3117.jpg,Idle
3118,Train_3118.jpg,Idle
3119,Train_3119.jpg,Idle
3120,Train_3120.jpg,Idle
3121,Train_3121.jpg,Idle
3122,Train_3122.jpg,Idle
3123,Train_3123.jpg,Idle
3124,Train_3124.jpg,Idle
3125,Train_3125.jpg,Idle
3126,Train_3126.jpg,Idle
3127,Train_3127.jpg,Idle
3128,Train_3128.jpg,Idle
3129,Train_3129.jpg,Idle
3130,Train_3130.jpg,Idle
3131,Train_3131.jpg,Idle
3132,Train_3132.jpg,Idle
3133,Train_3133.jpg,Idle
3134,Train_3134.jpg,Idle
3135,Train_3135.jpg,Idle
3136,Train_3136.jpg,Idle
3137,Train_3137.jpg,Idle
3138,Train_3138.jpg,Idle
3139,Train_3139.jpg,Idle
3140,Train_3140.jpg,Idle
3141,Train_3141.jpg,Idle
3142,Train_3142.jpg,Idle
3143,Train_3143.jpg,Idle
3144,Train_3144.jpg,Idle
3145,Train_3145.jpg,Idle
3146,Train_3146.jpg,Idle
3147,Train_3147.jpg,Idle
3148,Train_3148.jpg,Idle
3149,Train_3149.jpg,Idle
3150,Train_3150.jpg,Idle
3151,Train_3151.jpg,Idle
3152,Train_3152.jpg,Idle
3153,Train_3153.jpg,Idle
3154,Train_3154.jpg,Idle
3155,Train_3155.jpg,Idle
3156,Train_3156.jpg,Idle
3157,Train_3157.jpg,Idle
3158,Train_3158.jpg,Idle
